last_name, first_name,full_name,player_id,name_abbrev,team_id,position_name,age,bat_side,time_at_00ft,time_at_05ft,time_at_10ft,time_at_15ft,time_at_20ft,time_at_25ft,time_at_30ft,time_at_35ft,time_at_40ft,time_at_45ft,time_at_50ft,time_at_55ft,time_at_60ft,time_at_65ft,time_at_70ft,time_at_75ft,time_at_80ft,time_at_85ft,time_at_90ft
Abrams, CJ, CJ Abrams,682928,WSH,120,SS,21,L,0,0.53,0.82,1.07,1.3,1.51,1.71,1.9,2.09,2.27,2.44,2.62,2.79,2.95,3.12,3.29,3.45,3.63,3.82
Abreu, José, José Abreu,547989,CWS,145,1B,35,R,0,0.57,0.92,1.2,1.45,1.68,1.9,2.11,2.32,2.52,2.71,2.9,3.09,3.27,3.46,3.64,3.83,4.02,4.22
Acuña Jr., Ronald, Ronald Acuña Jr.,660670,ATL,144,RF,24,R,0,0.54,0.85,1.1,1.33,1.54,1.74,1.93,2.12,2.3,2.48,2.65,2.82,2.99,3.16,3.32,3.49,3.65,3.82
Adames, Willy, Willy Adames,642715,MIL,158,SS,26,R,0,0.56,0.88,1.14,1.39,1.61,1.82,2.02,2.21,2.4,2.59,2.77,2.94,3.12,3.29,3.47,3.64,3.81,3.99
Adams, Riley, Riley Adams,656180,WSH,120,C,26,R,0,0.56,0.89,1.16,1.41,1.64,1.86,2.07,2.27,2.47,2.66,2.86,3.04,3.23,3.42,3.6,3.79,3.97,4.17
Adell, Jo, Jo Adell,666176,LAA,108,LF,23,R,0,0.55,0.85,1.11,1.34,1.55,1.75,1.94,2.13,2.31,2.48,2.65,2.82,2.99,3.15,3.31,3.47,3.64,3.81
Adrianza, Ehire, Ehire Adrianza,501303,ATL,144,3B,32,R,0,0.57,0.9,1.16,1.41,1.63,1.84,2.04,2.24,2.43,2.62,2.81,2.99,3.17,3.35,3.53,3.71,3.89,4.08
Adrianza, Ehire, Ehire Adrianza,501303,ATL,144,3B,32,L,0,0.56,0.86,1.12,1.35,1.57,1.78,1.98,2.17,2.36,2.55,2.73,2.92,3.1,3.28,3.47,3.65,3.84,4.04
Aguilar, Jesús, Jesús Aguilar,542583,BAL,110,1B,32,R,0,0.59,0.96,1.26,1.54,1.79,2.02,2.25,2.47,2.68,2.89,3.09,3.29,3.5,3.69,3.89,4.09,4.3,4.51
Ahmed, Nick, Nick Ahmed,605113,AZ,109,SS,32,R,0,0.57,0.9,1.17,1.41,1.64,1.85,2.06,2.26,2.45,2.64,2.82,3,3.18,3.36,3.54,3.72,3.89,4.07
Alberto, Hanser, Hanser Alberto,593643,LAD,119,2B,29,R,0,0.56,0.89,1.16,1.41,1.65,1.87,2.08,2.28,2.48,2.68,2.87,3.06,3.26,3.45,3.64,3.83,4.02,4.23
Albies, Ozzie, Ozzie Albies,645277,ATL,144,2B,25,L,0,0.53,0.83,1.08,1.31,1.53,1.73,1.93,2.12,2.3,2.48,2.66,2.83,3.01,3.18,3.35,3.52,3.7,3.89
Albies, Ozzie, Ozzie Albies,645277,ATL,144,2B,25,R,0,0.54,0.86,1.11,1.34,1.56,1.76,1.96,2.15,2.33,2.51,2.69,2.87,3.04,3.22,3.39,3.57,3.75,3.93
Alcántara, Sergio, Sergio Alcántara,642727,AZ,109,3B,25,L,0,0.54,0.85,1.11,1.35,1.57,1.79,1.99,2.18,2.37,2.56,2.75,2.93,3.11,3.28,3.46,3.63,3.81,4.01
Alcántara, Sergio, Sergio Alcántara,642727,AZ,109,3B,25,R,0,0.56,0.89,1.17,1.41,1.64,1.85,2.06,2.25,2.45,2.63,2.82,3,3.17,3.35,3.52,3.7,3.88,4.07
Alfaro, Jorge, Jorge Alfaro,595751,SD,135,C,29,R,0,0.56,0.89,1.16,1.4,1.62,1.83,2.03,2.23,2.41,2.6,2.78,2.96,3.13,3.3,3.48,3.64,3.81,3.99
Allen, Greg, Greg Allen,656185,PIT,134,LF,29,R,0,0.55,0.86,1.12,1.36,1.58,1.79,1.98,2.17,2.36,2.54,2.72,2.89,3.07,3.24,3.41,3.58,3.75,3.93
Allen, Nick, Nick Allen,669397,OAK,133,SS,23,R,0,0.54,0.86,1.12,1.36,1.58,1.79,2,2.19,2.39,2.57,2.76,2.94,3.12,3.3,3.48,3.66,3.84,4.03
Almora Jr., Albert, Albert Almora Jr.,546991,CIN,113,RF,28,R,0,0.56,0.89,1.16,1.41,1.63,1.85,2.05,2.25,2.44,2.63,2.81,3,3.17,3.35,3.53,3.7,3.88,4.06
Alonso, Pete, Pete Alonso,624413,NYM,121,1B,27,R,0,0.56,0.9,1.18,1.43,1.67,1.89,2.1,2.31,2.51,2.71,2.91,3.1,3.29,3.48,3.67,3.86,4.06,4.26
Altuve, Jose, Jose Altuve,514888,HOU,117,2B,32,R,0,0.55,0.86,1.11,1.34,1.55,1.75,1.94,2.12,2.3,2.47,2.64,2.81,2.98,3.15,3.31,3.48,3.64,3.81
Alvarez, Yordan, Yordan Alvarez,670541,HOU,117,DH,25,L,0,0.56,0.87,1.14,1.38,1.6,1.81,2.01,2.21,2.4,2.58,2.76,2.94,3.12,3.29,3.47,3.65,3.83,4.03
Anderson, Brian, Brian Anderson,605119,MIA,146,3B,29,R,0,0.56,0.88,1.15,1.4,1.62,1.83,2.04,2.23,2.43,2.61,2.8,2.98,3.16,3.34,3.52,3.7,3.88,4.08
Anderson, Tim, Tim Anderson,641313,CWS,145,SS,29,R,0,0.55,0.87,1.12,1.35,1.57,1.77,1.96,2.15,2.33,2.51,2.68,2.85,3.02,3.19,3.36,3.53,3.7,3.88
Andrus, Elvis, Elvis Andrus,462101,CWS,145,SS,33,R,0,0.56,0.89,1.17,1.42,1.64,1.86,2.07,2.27,2.47,2.66,2.85,3.03,3.22,3.4,3.59,3.78,3.97,4.18
Andújar, Miguel, Miguel Andújar,609280,PIT,134,LF,27,R,0,0.54,0.87,1.13,1.38,1.6,1.81,2.01,2.21,2.39,2.58,2.76,2.94,3.12,3.3,3.48,3.65,3.84,4.02
Aquino, Aristides, Aristides Aquino,606157,CIN,113,RF,28,R,0,0.55,0.87,1.14,1.38,1.6,1.81,2.01,2.2,2.38,2.56,2.74,2.92,3.09,3.26,3.43,3.6,3.77,3.94
Aranda, Jonathan, Jonathan Aranda,666018,TB,139,2B,24,L,0,0.54,0.86,1.13,1.38,1.6,1.82,2.03,2.23,2.43,2.62,2.81,3,3.19,3.38,3.58,3.78,3.99,4.21
Arcia, Orlando, Orlando Arcia,606115,ATL,144,2B,27,R,0,0.55,0.88,1.16,1.41,1.64,1.86,2.07,2.27,2.47,2.66,2.85,3.04,3.22,3.41,3.59,3.78,3.97,4.16
Arenado, Nolan, Nolan Arenado,571448,STL,138,3B,31,R,0,0.57,0.92,1.21,1.47,1.72,1.95,2.17,2.38,2.58,2.78,2.98,3.17,3.36,3.55,3.74,3.93,4.13,4.34
Arias, Gabriel, Gabriel Arias,672356,CLE,114,3B,22,R,0,0.58,0.91,1.18,1.42,1.64,1.86,2.06,2.26,2.45,2.64,2.83,3.01,3.19,3.37,3.54,3.72,3.89,4.07
Arozarena, Randy, Randy Arozarena,668227,TB,139,LF,27,R,0,0.56,0.87,1.13,1.37,1.59,1.79,1.99,2.18,2.36,2.54,2.72,2.89,3.06,3.24,3.4,3.57,3.74,3.93
Arraez, Luis, Luis Arraez,650333,MIN,142,1B,25,L,0,0.54,0.85,1.11,1.34,1.56,1.77,1.98,2.17,2.36,2.55,2.73,2.91,3.09,3.27,3.45,3.64,3.84,4.04
Arroyo, Christian, Christian Arroyo,624414,BOS,111,2B,27,R,0,0.55,0.87,1.14,1.38,1.61,1.82,2.02,2.22,2.4,2.59,2.77,2.95,3.13,3.3,3.48,3.65,3.83,4.01
Astudillo, Willians, Willians Astudillo,553902,MIA,146,2B,30,R,0,0.56,0.92,1.21,1.47,1.7,1.93,2.14,2.35,2.55,2.75,2.94,3.13,3.33,3.51,3.7,3.9,4.09,4.29
Azocar, José, José Azocar,640492,SD,135,CF,26,R,0,0.57,0.89,1.15,1.39,1.6,1.81,2,2.19,2.37,2.55,2.72,2.89,3.06,3.23,3.39,3.56,3.72,3.9
Baddoo, Akil, Akil Baddoo,668731,DET,116,LF,23,L,0,0.53,0.82,1.08,1.31,1.52,1.72,1.91,2.1,2.28,2.46,2.63,2.8,2.97,3.14,3.31,3.48,3.65,3.84
Bader, Harrison, Harrison Bader,664056,NYY,147,CF,28,R,0,0.55,0.86,1.12,1.35,1.56,1.77,1.96,2.15,2.33,2.51,2.68,2.86,3.03,3.2,3.36,3.53,3.69,3.86
Barnes, Austin, Austin Barnes,605131,LAD,119,C,32,R,0,0.56,0.89,1.17,1.42,1.66,1.88,2.09,2.29,2.49,2.68,2.87,3.06,3.25,3.43,3.61,3.8,3.98,4.18
Barnhart, Tucker, Tucker Barnhart,571466,DET,116,C,31,L,0,0.54,0.87,1.16,1.42,1.66,1.9,2.12,2.34,2.55,2.76,2.97,3.17,3.38,3.58,3.79,4,4.22,4.46
Barnhart, Tucker, Tucker Barnhart,571466,DET,116,C,31,R,0,0.57,0.94,1.23,1.5,1.75,1.99,2.22,2.44,2.65,2.87,3.08,3.28,3.49,3.7,3.9,4.11,4.33,4.56
Barrera, Luis, Luis Barrera,642456,OAK,133,RF,26,L,0,0.51,0.8,1.05,1.28,1.49,1.69,1.88,2.07,2.25,2.43,2.6,2.78,2.95,3.12,3.29,3.46,3.64,3.83
Barrero, Jose, Jose Barrero,676480,CIN,113,SS,24,R,0,0.57,0.89,1.15,1.39,1.62,1.83,2.03,2.23,2.41,2.6,2.78,2.96,3.14,3.31,3.49,3.67,3.84,4.02
Bart, Joey, Joey Bart,663698,SF,137,C,25,R,0,0.57,0.9,1.17,1.42,1.65,1.87,2.07,2.28,2.47,2.66,2.85,3.03,3.21,3.39,3.57,3.75,3.92,4.11
Beer, Seth, Seth Beer,666179,AZ,109,DH,25,L,0,0.54,0.87,1.14,1.39,1.63,1.85,2.07,2.28,2.49,2.7,2.89,3.09,3.29,3.49,3.69,3.89,4.11,4.35
Bell, Josh, Josh Bell,605137,SD,135,1B,29,L,0,0.57,0.89,1.17,1.43,1.66,1.88,2.1,2.3,2.5,2.7,2.89,3.08,3.26,3.45,3.63,3.82,4.01,4.21
Bell, Josh, Josh Bell,605137,SD,135,1B,29,R,0,0.56,0.89,1.18,1.43,1.67,1.89,2.1,2.31,2.51,2.71,2.9,3.09,3.28,3.46,3.65,3.83,4.03,4.23
Bellinger, Cody, Cody Bellinger,641355,LAD,119,CF,26,L,0,0.55,0.85,1.11,1.34,1.55,1.76,1.95,2.14,2.32,2.5,2.68,2.85,3.02,3.19,3.36,3.53,3.72,3.93
Belt, Brandon, Brandon Belt,474832,SF,137,1B,34,L,0,0.54,0.86,1.14,1.4,1.64,1.87,2.09,2.3,2.51,2.71,2.92,3.12,3.31,3.51,3.71,3.91,4.12,4.36
Bemboom, Anthony, Anthony Bemboom,621532,BAL,110,C,32,L,0,0.56,0.88,1.14,1.39,1.61,1.82,2.03,2.22,2.42,2.6,2.79,2.97,3.15,3.33,3.5,3.68,3.86,4.06
Benintendi, Andrew, Andrew Benintendi,643217,NYY,147,LF,27,L,0,0.55,0.84,1.1,1.33,1.55,1.75,1.95,2.14,2.33,2.51,2.69,2.87,3.05,3.22,3.4,3.58,3.76,3.95
Benson, Will, Will Benson,666181,CLE,114,CF,24,L,0,0.54,0.84,1.1,1.33,1.54,1.74,1.94,2.12,2.3,2.48,2.66,2.83,3,3.17,3.33,3.5,3.67,3.85
Bernard, Wynton, Wynton Bernard,592144,COL,115,CF,31,R,0,0.56,0.86,1.11,1.34,1.55,1.75,1.94,2.13,2.31,2.48,2.65,2.82,2.98,3.15,3.31,3.47,3.63,3.8
Berti, Jon, Jon Berti,542932,MIA,146,2B,32,R,0,0.55,0.85,1.11,1.34,1.55,1.76,1.95,2.14,2.32,2.49,2.67,2.84,3.01,3.17,3.34,3.51,3.67,3.84
Bethancourt, Christian, Christian Bethancourt,542194,TB,139,C,30,R,0,0.57,0.89,1.16,1.4,1.63,1.84,2.04,2.23,2.42,2.6,2.78,2.96,3.13,3.31,3.48,3.65,3.82,3.99
Betts, Mookie, Mookie Betts,605141,LAD,119,RF,29,R,0,0.54,0.86,1.13,1.37,1.6,1.81,2.01,2.21,2.39,2.58,2.76,2.94,3.12,3.3,3.47,3.65,3.83,4.02
Bichette, Bo, Bo Bichette,666182,TOR,141,SS,24,R,0,0.56,0.88,1.15,1.39,1.61,1.82,2.02,2.22,2.41,2.6,2.78,2.96,3.14,3.32,3.5,3.68,3.86,4.06
Biggio, Cavan, Cavan Biggio,624415,TOR,141,2B,27,L,0,0.56,0.87,1.13,1.36,1.58,1.78,1.98,2.17,2.35,2.53,2.71,2.89,3.06,3.23,3.4,3.57,3.75,3.94
Blackmon, Charlie, Charlie Blackmon,453568,COL,115,DH,35,L,0,0.54,0.84,1.11,1.34,1.56,1.77,1.97,2.16,2.34,2.53,2.71,2.89,3.06,3.23,3.41,3.58,3.76,3.95
Bleday, JJ, JJ Bleday,668709,MIA,146,CF,24,L,0,0.56,0.87,1.13,1.37,1.59,1.8,2,2.19,2.38,2.57,2.75,2.93,3.11,3.29,3.46,3.64,3.82,4.01
Bogaerts, Xander, Xander Bogaerts,593428,BOS,111,SS,29,R,0,0.56,0.88,1.15,1.39,1.61,1.82,2.02,2.22,2.4,2.59,2.77,2.94,3.12,3.29,3.47,3.64,3.81,4
Bohm, Alec, Alec Bohm,664761,PHI,143,3B,25,R,0,0.55,0.88,1.15,1.4,1.63,1.84,2.05,2.25,2.44,2.63,2.82,3.01,3.19,3.37,3.55,3.73,3.91,4.1
Bolt, Skye, Skye Bolt,621450,OAK,133,CF,28,L,0,0.55,0.86,1.12,1.36,1.57,1.78,1.98,2.17,2.36,2.54,2.72,2.9,3.07,3.25,3.42,3.6,3.78,3.98
Bote, David, David Bote,623520,CHC,112,3B,29,R,0,0.56,0.87,1.14,1.38,1.61,1.82,2.03,2.22,2.42,2.61,2.8,2.98,3.16,3.34,3.53,3.71,3.89,4.08
Bradley Jr., Jackie, Jackie Bradley Jr.,598265,TOR,141,RF,32,L,0,0.53,0.83,1.09,1.33,1.55,1.77,1.97,2.17,2.36,2.55,2.74,2.93,3.11,3.29,3.47,3.65,3.84,4.05
Brantley, Michael, Michael Brantley,488726,HOU,117,DH,35,L,0,0.53,0.84,1.1,1.34,1.56,1.77,1.98,2.17,2.37,2.56,2.75,2.94,3.13,3.32,3.51,3.71,3.92,4.15
Bregman, Alex, Alex Bregman,608324,HOU,117,3B,28,R,0,0.56,0.88,1.15,1.4,1.62,1.83,2.04,2.24,2.43,2.62,2.81,3,3.18,3.36,3.55,3.73,3.92,4.11
Brennan, Will, Will Brennan,686823,CLE,114,LF,24,L,0,0.54,0.85,1.11,1.34,1.56,1.77,1.97,2.16,2.35,2.53,2.71,2.89,3.07,3.24,3.42,3.6,3.78,3.98
Bride, Jonah, Jonah Bride,681146,OAK,133,2B,26,R,0,0.56,0.89,1.16,1.41,1.64,1.86,2.07,2.27,2.47,2.66,2.85,3.04,3.22,3.4,3.59,3.77,3.95,4.15
Brosseau, Mike, Mike Brosseau,670712,MIL,158,3B,28,R,0,0.53,0.85,1.12,1.35,1.58,1.79,1.99,2.19,2.38,2.57,2.75,2.94,3.12,3.29,3.47,3.64,3.82,4.01
Brown, Seth, Seth Brown,664913,OAK,133,1B,29,L,0,0.54,0.84,1.11,1.34,1.56,1.77,1.97,2.17,2.35,2.54,2.72,2.9,3.08,3.25,3.42,3.6,3.78,3.97
Bruján, Vidal, Vidal Bruján,660644,TB,139,2B,24,L,0,0.53,0.82,1.07,1.29,1.51,1.71,1.9,2.09,2.27,2.45,2.62,2.8,2.97,3.14,3.31,3.49,3.67,3.86
Bruján, Vidal, Vidal Bruján,660644,TB,139,2B,24,R,0,0.56,0.87,1.13,1.36,1.58,1.78,1.98,2.17,2.35,2.53,2.71,2.88,3.06,3.22,3.39,3.56,3.74,3.92
Bryant, Kris, Kris Bryant,592178,COL,115,LF,30,R,0,0.55,0.89,1.16,1.41,1.64,1.86,2.07,2.27,2.46,2.65,2.84,3.02,3.2,3.38,3.56,3.74,3.92,4.11
Burdick, Peyton, Peyton Burdick,680814,MIA,146,CF,25,R,0,0.54,0.86,1.13,1.37,1.6,1.81,2.01,2.21,2.4,2.58,2.77,2.95,3.13,3.3,3.48,3.66,3.83,4.01
Burger, Jake, Jake Burger,669394,CWS,145,3B,26,R,0,0.55,0.89,1.17,1.42,1.65,1.86,2.07,2.27,2.46,2.64,2.83,3.01,3.18,3.36,3.53,3.71,3.89,4.07
Burleson, Alec, Alec Burleson,676475,STL,138,RF,23,L,0,0.54,0.87,1.15,1.4,1.63,1.85,2.07,2.27,2.47,2.67,2.86,3.05,3.23,3.42,3.6,3.79,3.99,4.18
Buxton, Byron, Byron Buxton,621439,MIN,142,CF,28,R,0,0.55,0.86,1.12,1.34,1.55,1.75,1.94,2.12,2.3,2.48,2.65,2.81,2.98,3.15,3.31,3.48,3.64,3.82
Báez, Javier, Javier Báez,595879,DET,116,SS,29,R,0,0.57,0.89,1.16,1.41,1.63,1.85,2.05,2.25,2.43,2.62,2.8,2.98,3.16,3.33,3.51,3.68,3.86,4.05
Cabrera, Miguel, Miguel Cabrera,408234,DET,116,DH,39,R,0,0.58,0.95,1.25,1.52,1.78,2.02,2.24,2.47,2.68,2.89,3.1,3.31,3.52,3.72,3.93,4.14,4.36,4.58
Cabrera, Oswaldo, Oswaldo Cabrera,665828,NYY,147,RF,23,L,0,0.55,0.86,1.12,1.36,1.58,1.79,1.99,2.18,2.37,2.55,2.74,2.92,3.1,3.27,3.45,3.63,3.82,4.01
Cain, Lorenzo, Lorenzo Cain,456715,MIL,158,CF,36,R,0,0.57,0.89,1.16,1.4,1.63,1.84,2.03,2.23,2.41,2.6,2.77,2.95,3.12,3.3,3.47,3.64,3.81,3.99
Calhoun, Kole, Kole Calhoun,594777,TEX,140,RF,34,L,0,0.55,0.86,1.13,1.38,1.61,1.83,2.04,2.24,2.44,2.64,2.83,3.02,3.21,3.4,3.59,3.78,3.97,4.18
Call, Alex, Alex Call,669743,WSH,120,LF,27,R,0,0.56,0.88,1.14,1.38,1.6,1.81,2.01,2.21,2.39,2.58,2.76,2.93,3.11,3.28,3.45,3.63,3.8,3.98
Camargo, Johan, Johan Camargo,622666,PHI,143,SS,28,L,0,0.55,0.87,1.14,1.39,1.62,1.84,2.05,2.26,2.46,2.66,2.85,3.05,3.25,3.45,3.66,3.87,4.11,4.37
Camargo, Johan, Johan Camargo,622666,PHI,143,SS,28,R,0,0.55,0.88,1.16,1.41,1.64,1.86,2.07,2.28,2.48,2.68,2.88,3.07,3.27,3.46,3.66,3.86,4.08,4.34
Cameron, Daz, Daz Cameron,663662,DET,116,RF,25,R,0,0.53,0.84,1.1,1.33,1.55,1.75,1.94,2.13,2.31,2.49,2.66,2.84,3.01,3.18,3.35,3.52,3.69,3.87
Campusano, Luis, Luis Campusano,669134,SD,135,C,23,R,0,0.56,0.9,1.18,1.43,1.67,1.89,2.1,2.3,2.5,2.7,2.89,3.07,3.26,3.44,3.62,3.8,3.98,4.17
Candelario, Jeimer, Jeimer Candelario,600869,DET,116,3B,28,L,0,0.54,0.86,1.13,1.37,1.6,1.81,2.02,2.22,2.42,2.61,2.79,2.98,3.16,3.34,3.52,3.7,3.89,4.1
Candelario, Jeimer, Jeimer Candelario,600869,DET,116,3B,28,R,0,0.57,0.91,1.19,1.43,1.66,1.88,2.09,2.29,2.48,2.67,2.86,3.04,3.22,3.4,3.58,3.75,3.93,4.11
Canha, Mark, Mark Canha,592192,NYM,121,LF,33,R,0,0.56,0.89,1.16,1.4,1.63,1.84,2.05,2.25,2.44,2.63,2.82,3,3.18,3.36,3.55,3.72,3.9,4.09
Canó, Robinson, Robinson Canó,429664,ATL,144,2B,39,L,0,0.56,0.88,1.17,1.42,1.66,1.88,2.1,2.31,2.52,2.72,2.92,3.12,3.31,3.51,3.71,3.91,4.11,4.33
Capel, Conner, Conner Capel,668843,OAK,133,RF,25,L,0,0.55,0.86,1.13,1.37,1.6,1.81,2.01,2.21,2.4,2.59,2.77,2.96,3.14,3.32,3.49,3.67,3.86,4.05
Caratini, Victor, Victor Caratini,605170,MIL,158,C,28,L,0,0.53,0.85,1.13,1.38,1.61,1.83,2.05,2.26,2.46,2.66,2.85,3.05,3.24,3.44,3.63,3.84,4.06,4.31
Caratini, Victor, Victor Caratini,605170,MIL,158,C,28,R,0,0.55,0.89,1.17,1.43,1.67,1.9,2.12,2.33,2.53,2.74,2.94,3.13,3.33,3.52,3.72,3.92,4.13,4.36
Carlson, Dylan, Dylan Carlson,666185,STL,138,CF,23,L,0,0.56,0.87,1.13,1.37,1.59,1.8,2,2.19,2.38,2.56,2.74,2.92,3.1,3.27,3.45,3.62,3.81,4.01
Carlson, Dylan, Dylan Carlson,666185,STL,138,CF,23,R,0,0.57,0.89,1.16,1.4,1.63,1.84,2.04,2.23,2.42,2.61,2.79,2.96,3.14,3.32,3.49,3.67,3.85,4.03
Carpenter, Kerry, Kerry Carpenter,681481,DET,116,DH,24,L,0,0.55,0.85,1.12,1.35,1.57,1.78,1.98,2.18,2.37,2.55,2.73,2.92,3.09,3.27,3.45,3.63,3.81,4.01
Carpenter, Matt, Matt Carpenter,572761,NYY,147,DH,36,L,0,0.56,0.89,1.17,1.41,1.65,1.87,2.08,2.28,2.48,2.67,2.86,3.05,3.24,3.43,3.61,3.8,4,4.21
Carroll, Corbin, Corbin Carroll,682998,AZ,109,LF,21,L,0,0.51,0.8,1.04,1.26,1.46,1.66,1.84,2.02,2.2,2.37,2.53,2.7,2.86,3.02,3.18,3.34,3.49,3.66
Casali, Curt, Curt Casali,592200,SEA,136,C,33,R,0,0.56,0.91,1.21,1.47,1.72,1.95,2.18,2.4,2.61,2.82,3.03,3.23,3.43,3.63,3.83,4.03,4.23,4.44
Casas, Triston, Triston Casas,671213,BOS,111,1B,22,L,0,0.54,0.87,1.14,1.39,1.63,1.85,2.06,2.27,2.48,2.67,2.87,3.06,3.26,3.45,3.64,3.84,4.03,4.24
Castellanos, Nick, Nick Castellanos,592206,PHI,143,RF,30,R,0,0.56,0.89,1.16,1.41,1.63,1.85,2.05,2.25,2.45,2.63,2.82,3,3.18,3.36,3.54,3.71,3.89,4.07
Castillo, Diego, Diego Castillo,660636,PIT,134,SS,24,R,0,0.57,0.91,1.19,1.44,1.67,1.89,2.1,2.3,2.49,2.68,2.87,3.06,3.24,3.42,3.6,3.79,3.97,4.17
Castro, Harold, Harold Castro,605612,DET,116,1B,28,L,0,0.54,0.86,1.12,1.36,1.58,1.79,2,2.2,2.39,2.58,2.77,2.95,3.14,3.32,3.51,3.7,3.9,4.12
Castro, Jason, Jason Castro,488771,HOU,117,C,35,L,0,0.54,0.86,1.13,1.37,1.6,1.81,2.02,2.22,2.42,2.61,2.8,2.99,3.17,3.35,3.54,3.72,3.91,4.11
Castro, Rodolfo, Rodolfo Castro,666801,PIT,134,2B,23,L,0,0.54,0.85,1.11,1.35,1.58,1.79,1.99,2.18,2.38,2.56,2.74,2.93,3.1,3.28,3.46,3.63,3.81,4
Castro, Rodolfo, Rodolfo Castro,666801,PIT,134,2B,23,R,0,0.58,0.91,1.18,1.42,1.65,1.86,2.06,2.26,2.45,2.64,2.83,3.01,3.18,3.36,3.54,3.72,3.9,4.09
Castro, Willi, Willi Castro,650489,DET,116,RF,25,R,0,0.55,0.88,1.15,1.39,1.61,1.82,2.02,2.21,2.4,2.58,2.76,2.94,3.12,3.29,3.46,3.63,3.8,3.98
Castro, Willi, Willi Castro,650489,DET,116,RF,25,L,0,0.54,0.84,1.1,1.33,1.55,1.76,1.95,2.14,2.33,2.51,2.69,2.86,3.04,3.21,3.39,3.56,3.74,3.96
Cave, Jake, Jake Cave,595909,MIN,142,LF,29,L,0,0.53,0.83,1.08,1.32,1.53,1.74,1.94,2.13,2.32,2.5,2.68,2.86,3.03,3.21,3.38,3.55,3.73,3.92
Celestino, Gilberto, Gilberto Celestino,665482,MIN,142,CF,23,R,0,0.55,0.87,1.13,1.37,1.59,1.79,1.99,2.19,2.38,2.56,2.74,2.92,3.1,3.27,3.45,3.62,3.8,3.98
Chang, Yu, Yu Chang,644374,BOS,111,2B,26,R,0,0.55,0.87,1.13,1.37,1.6,1.8,2.01,2.2,2.39,2.57,2.75,2.93,3.11,3.28,3.45,3.63,3.8,3.98
Chapman, Matt, Matt Chapman,656305,TOR,141,3B,29,R,0,0.56,0.88,1.15,1.38,1.61,1.82,2.02,2.21,2.4,2.58,2.76,2.94,3.11,3.29,3.46,3.63,3.8,3.97
Chavis, Michael, Michael Chavis,656308,PIT,134,1B,26,R,0,0.55,0.87,1.13,1.36,1.58,1.79,1.99,2.18,2.37,2.55,2.73,2.9,3.08,3.25,3.42,3.59,3.76,3.93
Chirinos, Robinson, Robinson Chirinos,455139,BAL,110,C,38,R,0,0.6,0.94,1.23,1.5,1.75,1.99,2.21,2.44,2.65,2.87,3.08,3.29,3.49,3.7,3.91,4.12,4.35,4.59
Chisholm Jr., Jazz, Jazz Chisholm Jr.,665862,MIA,146,2B,24,L,0,0.53,0.83,1.08,1.31,1.53,1.73,1.92,2.11,2.29,2.47,2.64,2.81,2.98,3.15,3.32,3.48,3.65,3.84
Choi, Ji-Man, Ji-Man Choi,596847,TB,139,1B,31,L,0,0.55,0.87,1.15,1.4,1.64,1.86,2.07,2.28,2.48,2.68,2.88,3.07,3.26,3.45,3.64,3.84,4.04,4.25
Clemens, Kody, Kody Clemens,665019,DET,116,3B,26,L,0,0.55,0.85,1.12,1.35,1.58,1.79,1.99,2.18,2.37,2.56,2.74,2.92,3.1,3.27,3.45,3.63,3.81,4.01
Clement, Ernie, Ernie Clement,676391,OAK,133,3B,26,R,0,0.55,0.86,1.13,1.36,1.58,1.79,1.99,2.19,2.37,2.56,2.74,2.91,3.09,3.26,3.44,3.61,3.78,3.96
Contreras, Mark, Mark Contreras,676628,MIN,142,CF,27,L,0,0.53,0.83,1.08,1.31,1.52,1.72,1.91,2.1,2.28,2.46,2.64,2.82,2.99,3.16,3.33,3.51,3.69,3.87
Contreras, William, William Contreras,661388,ATL,144,C,24,R,0,0.56,0.89,1.16,1.41,1.63,1.85,2.05,2.25,2.45,2.64,2.82,3,3.18,3.36,3.54,3.72,3.9,4.09
Contreras, Willson, Willson Contreras,575929,CHC,112,C,30,R,0,0.55,0.87,1.13,1.37,1.6,1.81,2.01,2.21,2.4,2.58,2.77,2.95,3.13,3.3,3.48,3.66,3.83,4.02
Cooper, Garrett, Garrett Cooper,643265,MIA,146,1B,31,R,0,0.57,0.9,1.18,1.42,1.65,1.87,2.08,2.28,2.48,2.67,2.85,3.04,3.22,3.4,3.58,3.77,3.95,4.14
Cordero, Franchy, Franchy Cordero,614173,BOS,111,1B,27,L,0,0.55,0.85,1.11,1.34,1.56,1.76,1.96,2.15,2.33,2.51,2.68,2.86,3.03,3.2,3.37,3.53,3.71,3.89
Correa, Carlos, Carlos Correa,621043,MIN,142,SS,27,R,0,0.55,0.88,1.15,1.39,1.62,1.83,2.04,2.23,2.42,2.61,2.79,2.97,3.15,3.33,3.51,3.68,3.87,4.05
Crawford, Brandon, Brandon Crawford,543063,SF,137,SS,35,L,0,0.54,0.86,1.14,1.38,1.61,1.83,2.04,2.25,2.45,2.65,2.84,3.03,3.22,3.41,3.6,3.79,3.99,4.2
Crawford, J.P., J.P. Crawford,641487,SEA,136,SS,27,L,0,0.55,0.86,1.12,1.36,1.59,1.8,2,2.2,2.39,2.57,2.76,2.94,3.12,3.3,3.48,3.66,3.85,4.05
Cron, C.J., C.J. Cron,543068,COL,115,1B,32,R,0,0.57,0.92,1.21,1.47,1.71,1.94,2.15,2.36,2.57,2.77,2.97,3.16,3.36,3.55,3.74,3.94,4.14,4.35
Cronenworth, Jake, Jake Cronenworth,630105,SD,135,2B,28,L,0,0.55,0.85,1.11,1.34,1.55,1.76,1.96,2.15,2.33,2.51,2.69,2.87,3.04,3.21,3.38,3.56,3.73,3.92
Cruz, Nelson, Nelson Cruz,443558,WSH,120,DH,41,R,0,0.57,0.91,1.19,1.44,1.68,1.9,2.12,2.33,2.53,2.73,2.92,3.12,3.31,3.5,3.69,3.88,4.07,4.27
Cruz, Oneil, Oneil Cruz,665833,PIT,134,SS,23,L,0,0.54,0.85,1.1,1.33,1.54,1.75,1.94,2.12,2.3,2.47,2.64,2.81,2.97,3.13,3.29,3.45,3.62,3.79
Culberson, Charlie, Charlie Culberson,518586,TEX,140,3B,33,R,0,0.55,0.86,1.13,1.37,1.6,1.81,2.01,2.21,2.4,2.58,2.77,2.95,3.13,3.31,3.49,3.66,3.84,4.02
Dalbec, Bobby, Bobby Dalbec,666915,BOS,111,1B,27,R,0,0.54,0.86,1.12,1.36,1.58,1.79,1.99,2.18,2.37,2.55,2.73,2.91,3.09,3.26,3.43,3.61,3.78,3.96
Davis, J.D., J.D. Davis,605204,SF,137,DH,29,R,0,0.55,0.87,1.15,1.39,1.63,1.84,2.05,2.26,2.45,2.65,2.84,3.02,3.21,3.39,3.57,3.75,3.94,4.13
Davis, Jonathan, Jonathan Davis,641505,MIL,158,CF,30,R,0,0.56,0.88,1.14,1.38,1.6,1.81,2,2.19,2.38,2.56,2.74,2.91,3.09,3.26,3.43,3.6,3.78,3.96
Daza, Yonathan, Yonathan Daza,602074,COL,115,CF,28,R,0,0.56,0.89,1.16,1.4,1.62,1.84,2.04,2.23,2.42,2.61,2.79,2.97,3.15,3.32,3.5,3.67,3.84,4.02
De La Cruz, Bryan, Bryan De La Cruz,650559,MIA,146,CF,25,R,0,0.56,0.89,1.15,1.4,1.62,1.83,2.03,2.23,2.42,2.6,2.78,2.96,3.14,3.32,3.49,3.67,3.84,4.03
DeJong, Paul, Paul DeJong,657557,STL,138,SS,28,R,0,0.56,0.88,1.15,1.39,1.61,1.82,2.03,2.22,2.41,2.6,2.78,2.96,3.14,3.32,3.49,3.67,3.85,4.03
Delay, Jason, Jason Delay,641511,PIT,134,C,27,R,0,0.55,0.89,1.17,1.41,1.65,1.87,2.08,2.28,2.48,2.68,2.87,3.06,3.25,3.44,3.63,3.81,4,4.2
Demeritte, Travis, Travis Demeritte,641513,ATL,144,RF,27,R,0,0.56,0.88,1.14,1.38,1.6,1.8,2,2.19,2.38,2.56,2.74,2.91,3.09,3.26,3.43,3.61,3.78,3.96
Devers, Rafael, Rafael Devers,646240,BOS,111,3B,25,L,0,0.56,0.88,1.15,1.4,1.63,1.85,2.05,2.26,2.45,2.65,2.83,3.02,3.21,3.4,3.58,3.78,3.98,4.19
Diaz, Jordan, Jordan Diaz,672478,OAK,133,2B,21,R,0,0.58,0.92,1.21,1.46,1.7,1.92,2.13,2.33,2.53,2.73,2.92,3.11,3.3,3.49,3.67,3.86,4.06,4.26
Dickerson, Corey, Corey Dickerson,572816,STL,138,LF,33,L,0,0.54,0.85,1.12,1.36,1.58,1.79,2,2.2,2.39,2.58,2.76,2.95,3.13,3.31,3.49,3.68,3.87,4.08
Donaldson, Josh, Josh Donaldson,518626,NYY,147,3B,36,R,0,0.57,0.91,1.19,1.44,1.67,1.9,2.11,2.32,2.52,2.72,2.91,3.1,3.29,3.48,3.67,3.86,4.05,4.24
Donovan, Brendan, Brendan Donovan,680977,STL,138,2B,25,L,0,0.54,0.85,1.12,1.36,1.58,1.8,2,2.2,2.39,2.58,2.76,2.94,3.12,3.3,3.48,3.66,3.85,4.05
Dozier, Hunter, Hunter Dozier,641531,KC,118,1B,30,R,0,0.55,0.88,1.15,1.4,1.62,1.84,2.04,2.24,2.43,2.62,2.8,2.98,3.16,3.34,3.52,3.69,3.87,4.05
Drury, Brandon, Brandon Drury,592273,SD,135,3B,29,R,0,0.57,0.91,1.19,1.44,1.68,1.9,2.11,2.31,2.51,2.7,2.88,3.07,3.25,3.43,3.61,3.79,3.97,4.16
Dubón, Mauricio, Mauricio Dubón,643289,HOU,117,CF,27,R,0,0.56,0.87,1.13,1.36,1.58,1.79,1.98,2.18,2.36,2.54,2.72,2.9,3.07,3.25,3.42,3.59,3.77,3.96
Duffy, Matt, Matt Duffy,622110,LAA,108,3B,31,R,0,0.57,0.9,1.18,1.43,1.66,1.87,2.08,2.28,2.48,2.67,2.86,3.04,3.22,3.4,3.59,3.77,3.95,4.14
Duran, Ezequiel, Ezequiel Duran,677649,TEX,140,3B,23,R,0,0.57,0.88,1.14,1.38,1.6,1.81,2,2.19,2.38,2.56,2.73,2.91,3.08,3.25,3.42,3.59,3.75,3.93
Duran, Jarren, Jarren Duran,680776,BOS,111,CF,25,L,0,0.53,0.82,1.08,1.31,1.52,1.72,1.91,2.1,2.28,2.46,2.63,2.8,2.97,3.14,3.3,3.46,3.63,3.81
Duvall, Adam, Adam Duvall,594807,ATL,144,CF,33,R,0,0.56,0.88,1.14,1.38,1.6,1.81,2.01,2.2,2.39,2.57,2.75,2.93,3.1,3.28,3.45,3.62,3.8,3.97
Díaz, Aledmys, Aledmys Díaz,649557,HOU,117,LF,31,R,0,0.57,0.89,1.16,1.4,1.62,1.83,2.03,2.22,2.4,2.59,2.77,2.94,3.11,3.29,3.46,3.63,3.8,3.98
Díaz, Elias, Elias Díaz,553869,COL,115,C,31,R,0,0.58,0.92,1.21,1.46,1.7,1.92,2.13,2.34,2.54,2.74,2.93,3.12,3.31,3.5,3.68,3.87,4.06,4.25
Díaz, Lewin, Lewin Díaz,650331,MIA,146,1B,25,L,0,0.53,0.86,1.14,1.4,1.64,1.86,2.08,2.29,2.5,2.7,2.9,3.1,3.29,3.49,3.68,3.88,4.09,4.32
Díaz, Yandy, Yandy Díaz,650490,TB,139,3B,30,R,0,0.55,0.88,1.16,1.4,1.63,1.85,2.05,2.25,2.44,2.63,2.82,3,3.18,3.36,3.53,3.71,3.89,4.08
Eaton, Nate, Nate Eaton,681987,KC,118,3B,25,R,0,0.55,0.86,1.11,1.34,1.55,1.75,1.94,2.13,2.3,2.48,2.65,2.82,2.99,3.15,3.32,3.48,3.65,3.82
Edman, Tommy, Tommy Edman,669242,STL,138,SS,27,L,0,0.53,0.83,1.09,1.32,1.53,1.74,1.93,2.12,2.3,2.48,2.65,2.83,3,3.17,3.34,3.51,3.68,3.87
Edman, Tommy, Tommy Edman,669242,STL,138,SS,27,R,0,0.55,0.86,1.12,1.36,1.57,1.78,1.97,2.16,2.34,2.52,2.7,2.87,3.04,3.2,3.37,3.54,3.7,3.88
Encarnacion, Jerar, Jerar Encarnacion,666464,MIA,146,LF,24,R,0,0.54,0.87,1.13,1.37,1.59,1.8,2,2.19,2.38,2.56,2.74,2.92,3.1,3.27,3.44,3.61,3.79,3.96
Engel, Adam, Adam Engel,641553,CWS,145,CF,30,R,0,0.56,0.87,1.12,1.36,1.57,1.77,1.97,2.15,2.34,2.51,2.69,2.86,3.03,3.2,3.37,3.53,3.7,3.87
Escobar, Alcides, Alcides Escobar,444876,WSH,120,SS,35,R,0,0.57,0.89,1.16,1.4,1.62,1.83,2.03,2.23,2.42,2.6,2.78,2.96,3.13,3.31,3.48,3.65,3.82,3.99
Escobar, Eduardo, Eduardo Escobar,500871,NYM,121,3B,33,L,0,0.54,0.84,1.11,1.34,1.56,1.77,1.97,2.17,2.35,2.54,2.72,2.9,3.07,3.25,3.43,3.6,3.78,3.97
Escobar, Eduardo, Eduardo Escobar,500871,NYM,121,3B,33,R,0,0.56,0.88,1.14,1.38,1.6,1.81,2.01,2.21,2.4,2.58,2.76,2.93,3.11,3.28,3.46,3.63,3.8,3.98
Espinal, Santiago, Santiago Espinal,669289,TOR,141,2B,27,R,0,0.56,0.88,1.15,1.39,1.61,1.83,2.03,2.23,2.43,2.61,2.8,2.98,3.17,3.35,3.53,3.71,3.89,4.08
Estrada, Thairo, Thairo Estrada,642731,SF,137,2B,26,R,0,0.57,0.88,1.14,1.38,1.6,1.8,2,2.2,2.38,2.56,2.74,2.92,3.1,3.27,3.44,3.61,3.78,3.96
Fairchild, Stuart, Stuart Fairchild,656413,CIN,113,LF,26,R,0,0.55,0.86,1.11,1.35,1.56,1.76,1.96,2.15,2.33,2.51,2.68,2.86,3.03,3.2,3.37,3.53,3.7,3.88
Farmer, Kyle, Kyle Farmer,571657,CIN,113,SS,31,R,0,0.57,0.92,1.19,1.44,1.67,1.89,2.1,2.3,2.5,2.69,2.88,3.06,3.25,3.43,3.61,3.79,3.97,4.17
Fletcher, David, David Fletcher,664058,LAA,108,2B,28,R,0,0.56,0.88,1.15,1.4,1.63,1.84,2.05,2.25,2.45,2.64,2.83,3.02,3.21,3.39,3.58,3.76,3.95,4.14
Flores, Wilmer, Wilmer Flores,527038,SF,137,2B,30,R,0,0.57,0.92,1.21,1.47,1.71,1.93,2.16,2.37,2.57,2.78,2.98,3.17,3.37,3.56,3.76,3.95,4.15,4.36
Ford, Mike, Mike Ford,645801,LAA,108,1B,29,L,0,0.58,0.92,1.21,1.47,1.71,1.94,2.16,2.37,2.57,2.77,2.97,3.17,3.36,3.56,3.75,3.95,4.15,4.37
Fortes, Nick, Nick Fortes,663743,MIA,146,C,25,R,0,0.55,0.87,1.14,1.38,1.6,1.82,2.02,2.22,2.41,2.59,2.77,2.95,3.13,3.31,3.49,3.66,3.84,4.02
Fraley, Jake, Jake Fraley,641584,CIN,113,LF,27,L,0,0.52,0.82,1.07,1.3,1.51,1.72,1.91,2.1,2.29,2.47,2.65,2.82,2.99,3.17,3.34,3.51,3.69,3.89
France, Ty, Ty France,664034,SEA,136,1B,27,R,0,0.57,0.92,1.21,1.47,1.71,1.94,2.16,2.37,2.58,2.79,2.99,3.19,3.38,3.58,3.78,3.98,4.19,4.42
Franco, Maikel, Maikel Franco,596748,WSH,120,3B,29,R,0,0.56,0.9,1.19,1.44,1.68,1.91,2.12,2.33,2.53,2.73,2.93,3.12,3.31,3.5,3.69,3.88,4.08,4.29
Franco, Wander, Wander Franco,677551,TB,139,SS,21,L,0,0.54,0.85,1.1,1.34,1.55,1.76,1.95,2.14,2.33,2.51,2.68,2.86,3.03,3.2,3.37,3.55,3.74,3.94
Franco, Wander, Wander Franco,677551,TB,139,SS,21,R,0,0.55,0.87,1.14,1.38,1.6,1.8,2,2.2,2.38,2.57,2.75,2.92,3.1,3.28,3.45,3.64,3.82,4.02
Frazier, Adam, Adam Frazier,624428,SEA,136,2B,30,L,0,0.54,0.85,1.11,1.36,1.58,1.8,2,2.2,2.4,2.59,2.77,2.96,3.14,3.32,3.5,3.69,3.87,4.08
Freeman, Freddie, Freddie Freeman,518692,LAD,119,1B,32,L,0,0.55,0.86,1.13,1.37,1.59,1.8,2.01,2.2,2.4,2.58,2.77,2.95,3.13,3.31,3.49,3.67,3.86,4.07
Freeman, Tyler, Tyler Freeman,671289,CLE,114,3B,23,R,0,0.55,0.87,1.13,1.36,1.58,1.79,1.99,2.19,2.37,2.56,2.74,2.91,3.09,3.26,3.44,3.61,3.78,3.97
Friedl, TJ, TJ Friedl,670770,CIN,113,LF,26,L,0,0.53,0.82,1.07,1.3,1.51,1.71,1.91,2.1,2.28,2.46,2.64,2.81,2.99,3.16,3.33,3.5,3.67,3.86
Gallo, Joey, Joey Gallo,608336,LAD,119,LF,28,L,0,0.53,0.84,1.11,1.35,1.58,1.8,2.01,2.21,2.41,2.6,2.79,2.97,3.16,3.34,3.52,3.7,3.89,4.1
Gamel, Ben, Ben Gamel,592325,PIT,134,LF,30,L,0,0.55,0.85,1.11,1.35,1.56,1.77,1.97,2.16,2.34,2.52,2.7,2.88,3.05,3.22,3.39,3.57,3.75,3.95
Garcia, Aramis, Aramis Garcia,605244,CIN,113,C,29,R,0,0.56,0.91,1.19,1.45,1.68,1.91,2.12,2.33,2.53,2.73,2.92,3.11,3.3,3.48,3.67,3.85,4.04,4.22
Garcia, Dermis, Dermis Garcia,660650,OAK,133,1B,24,R,0,0.54,0.87,1.14,1.39,1.61,1.82,2.02,2.22,2.41,2.6,2.78,2.97,3.15,3.33,3.5,3.68,3.87,4.06
Garcia, Leury, Leury Garcia,544725,CWS,145,2B,31,L,0,0.55,0.84,1.09,1.32,1.54,1.74,1.93,2.12,2.31,2.49,2.66,2.84,3.01,3.18,3.35,3.53,3.71,3.91
Garcia, Leury, Leury Garcia,544725,CWS,145,2B,31,R,0,0.55,0.86,1.12,1.36,1.58,1.78,1.98,2.17,2.36,2.54,2.72,2.9,3.07,3.24,3.41,3.58,3.76,3.94
García, Adolis, Adolis García,666969,TEX,140,RF,29,R,0,0.55,0.87,1.12,1.36,1.58,1.78,1.98,2.17,2.35,2.53,2.71,2.88,3.05,3.22,3.39,3.56,3.73,3.9
García, Avisaíl, Avisaíl García,541645,MIA,146,RF,31,R,0,0.57,0.91,1.18,1.43,1.65,1.87,2.07,2.27,2.45,2.64,2.82,3,3.17,3.34,3.52,3.69,3.86,4.04
García, Luis, Luis García,671277,WSH,120,SS,22,L,0,0.55,0.86,1.12,1.36,1.58,1.79,1.99,2.19,2.38,2.56,2.74,2.92,3.1,3.28,3.46,3.63,3.82,4.01
Garlick, Kyle, Kyle Garlick,664247,MIN,142,LF,30,R,0,0.56,0.89,1.16,1.41,1.64,1.85,2.06,2.26,2.46,2.65,2.84,3.02,3.21,3.39,3.58,3.76,3.95,4.14
Garrett, Stone, Stone Garrett,656448,AZ,109,LF,26,R,0,0.55,0.86,1.12,1.36,1.58,1.78,1.98,2.17,2.35,2.53,2.71,2.89,3.06,3.23,3.4,3.57,3.75,3.92
Garver, Mitch, Mitch Garver,641598,TEX,140,DH,31,R,0,0.57,0.9,1.17,1.42,1.66,1.88,2.09,2.29,2.49,2.68,2.87,3.06,3.25,3.43,3.62,3.8,3.98,4.17
Giménez, Andrés, Andrés Giménez,665926,CLE,114,2B,23,L,0,0.55,0.84,1.1,1.33,1.54,1.74,1.94,2.12,2.31,2.48,2.66,2.83,3,3.17,3.33,3.5,3.68,3.88
Goldschmidt, Paul, Paul Goldschmidt,502671,STL,138,1B,34,R,0,0.56,0.89,1.16,1.41,1.64,1.85,2.06,2.26,2.46,2.65,2.84,3.02,3.21,3.39,3.57,3.75,3.94,4.13
Gomes, Yan, Yan Gomes,543228,CHC,112,C,34,R,0,0.57,0.91,1.2,1.45,1.69,1.91,2.13,2.33,2.53,2.73,2.92,3.11,3.3,3.49,3.67,3.86,4.05,4.25
Gonzalez, Marwin, Marwin Gonzalez,503556,NYY,147,SS,33,L,0,0.55,0.86,1.13,1.37,1.59,1.81,2.01,2.21,2.41,2.6,2.78,2.97,3.15,3.33,3.51,3.7,3.9,4.11
Gonzalez, Marwin, Marwin Gonzalez,503556,NYY,147,SS,33,R,0,0.55,0.88,1.16,1.41,1.64,1.86,2.07,2.27,2.46,2.65,2.84,3.02,3.21,3.39,3.57,3.76,3.95,4.14
Gonzalez, Oscar, Oscar Gonzalez,660757,CLE,114,RF,24,R,0,0.58,0.91,1.19,1.43,1.65,1.87,2.07,2.27,2.45,2.64,2.82,3,3.17,3.34,3.52,3.68,3.85,4.03
Gonzalez, Romy, Romy Gonzalez,663853,CWS,145,2B,25,R,0,0.57,0.88,1.14,1.37,1.59,1.8,1.99,2.18,2.37,2.55,2.73,2.9,3.07,3.24,3.41,3.58,3.75,3.93
González, Luis, Luis González,670768,SF,137,RF,26,L,0,0.53,0.83,1.09,1.32,1.53,1.74,1.94,2.13,2.31,2.49,2.68,2.85,3.03,3.2,3.37,3.55,3.72,3.92
Gordon, Nick, Nick Gordon,624503,MIN,142,LF,26,L,0,0.53,0.83,1.09,1.32,1.54,1.74,1.94,2.13,2.32,2.5,2.68,2.85,3.03,3.2,3.38,3.56,3.74,3.93
Gorman, Nolan, Nolan Gorman,669357,STL,138,2B,22,L,0,0.57,0.89,1.16,1.4,1.62,1.84,2.04,2.24,2.43,2.62,2.8,2.98,3.16,3.34,3.52,3.7,3.88,4.08
Gosselin, Phil, Phil Gosselin,594838,LAA,108,3B,33,R,0,0.55,0.87,1.13,1.37,1.59,1.8,1.99,2.18,2.37,2.55,2.72,2.9,3.07,3.24,3.41,3.58,3.74,3.92
Grandal, Yasmani, Yasmani Grandal,518735,CWS,145,C,33,L,0,0.56,0.91,1.21,1.48,1.74,1.99,2.22,2.46,2.68,2.91,3.13,3.35,3.57,3.79,4.01,4.25,4.5,4.78
Greene, Riley, Riley Greene,682985,DET,116,CF,21,L,0,0.54,0.84,1.1,1.33,1.55,1.76,1.95,2.14,2.33,2.51,2.69,2.87,3.04,3.21,3.38,3.56,3.73,3.92
Gregorius, Didi, Didi Gregorius,544369,PHI,143,SS,32,L,0,0.54,0.86,1.12,1.37,1.59,1.8,2.01,2.2,2.4,2.58,2.77,2.95,3.13,3.31,3.48,3.66,3.84,4.05
Grichuk, Randal, Randal Grichuk,545341,COL,115,RF,30,R,0,0.57,0.88,1.15,1.38,1.61,1.82,2.02,2.21,2.4,2.58,2.77,2.95,3.12,3.3,3.47,3.65,3.83,4.02
Grisham, Trent, Trent Grisham,663757,SD,135,CF,25,L,0,0.53,0.83,1.08,1.31,1.52,1.72,1.91,2.1,2.28,2.45,2.62,2.8,2.96,3.13,3.3,3.47,3.64,3.82
Grissom, Vaughn, Vaughn Grissom,687093,ATL,144,2B,21,R,0,0.56,0.89,1.17,1.41,1.63,1.85,2.05,2.24,2.43,2.62,2.8,2.98,3.16,3.34,3.51,3.69,3.87,4.05
Groshans, Jordan, Jordan Groshans,677954,MIA,146,3B,22,R,0,0.58,0.92,1.21,1.46,1.7,1.92,2.13,2.33,2.53,2.73,2.92,3.1,3.29,3.48,3.66,3.84,4.03,4.22
Grossman, Robbie, Robbie Grossman,543257,ATL,144,LF,32,L,0,0.54,0.85,1.11,1.34,1.56,1.77,1.97,2.16,2.35,2.53,2.71,2.89,3.07,3.24,3.42,3.6,3.78,3.97
Grossman, Robbie, Robbie Grossman,543257,ATL,144,LF,32,R,0,0.55,0.87,1.14,1.38,1.61,1.82,2.02,2.22,2.41,2.6,2.78,2.96,3.14,3.32,3.49,3.67,3.85,4.03
Guerrero Jr., Vladimir, Vladimir Guerrero Jr.,665489,TOR,141,1B,23,R,0,0.56,0.9,1.17,1.42,1.65,1.86,2.07,2.27,2.46,2.65,2.84,3.02,3.2,3.38,3.56,3.73,3.91,4.09
Guillorme, Luis, Luis Guillorme,641645,NYM,121,2B,27,L,0,0.56,0.89,1.17,1.42,1.66,1.88,2.09,2.3,2.5,2.7,2.89,3.08,3.27,3.46,3.64,3.83,4.02,4.23
Gurriel Jr., Lourdes, Lourdes Gurriel Jr.,666971,TOR,141,LF,28,R,0,0.58,0.91,1.18,1.42,1.65,1.86,2.07,2.27,2.46,2.65,2.83,3.01,3.19,3.37,3.55,3.73,3.91,4.1
Gurriel, Yuli, Yuli Gurriel,493329,HOU,117,1B,38,R,0,0.56,0.9,1.18,1.42,1.65,1.86,2.07,2.26,2.46,2.65,2.83,3.01,3.19,3.38,3.56,3.74,3.92,4.11
Haase, Eric, Eric Haase,606992,DET,116,C,29,R,0,0.56,0.87,1.14,1.38,1.6,1.81,2.02,2.21,2.4,2.59,2.77,2.95,3.13,3.3,3.48,3.66,3.83,4.01
Hager, Jake, Jake Hager,606993,AZ,109,2B,29,R,0,0.55,0.88,1.15,1.4,1.63,1.85,2.06,2.26,2.46,2.65,2.84,3.02,3.2,3.39,3.57,3.75,3.93,4.11
Haggerty, Sam, Sam Haggerty,664059,SEA,136,RF,28,L,0,0.55,0.85,1.11,1.34,1.55,1.75,1.95,2.14,2.32,2.5,2.68,2.85,3.02,3.19,3.36,3.54,3.72,3.92
Haggerty, Sam, Sam Haggerty,664059,SEA,136,RF,28,R,0,0.54,0.86,1.12,1.36,1.58,1.78,1.98,2.17,2.35,2.54,2.71,2.89,3.06,3.23,3.4,3.57,3.74,3.92
Hall, Darick, Darick Hall,669742,PHI,143,DH,26,L,0,0.55,0.89,1.16,1.41,1.65,1.87,2.08,2.29,2.48,2.68,2.87,3.06,3.24,3.43,3.62,3.8,3.99,4.2
Hampson, Garrett, Garrett Hampson,641658,COL,115,CF,27,R,0,0.56,0.87,1.13,1.36,1.58,1.78,1.97,2.16,2.34,2.52,2.69,2.86,3.03,3.19,3.36,3.52,3.68,3.85
Haniger, Mitch, Mitch Haniger,571745,SEA,136,RF,31,R,0,0.55,0.88,1.16,1.41,1.64,1.86,2.06,2.26,2.46,2.65,2.84,3.03,3.21,3.39,3.57,3.76,3.94,4.13
Happ, Ian, Ian Happ,664023,CHC,112,LF,27,R,0,0.56,0.89,1.16,1.41,1.63,1.84,2.04,2.24,2.43,2.61,2.8,2.97,3.15,3.32,3.5,3.67,3.84,4.01
Happ, Ian, Ian Happ,664023,CHC,112,LF,27,L,0,0.54,0.85,1.11,1.35,1.57,1.78,1.98,2.18,2.37,2.55,2.73,2.91,3.09,3.26,3.44,3.62,3.8,3.99
Harper, Bryce, Bryce Harper,547180,PHI,143,DH,29,L,0,0.55,0.86,1.12,1.36,1.58,1.79,1.99,2.18,2.38,2.56,2.74,2.92,3.1,3.28,3.45,3.63,3.82,4.04
Harris II, Michael, Michael Harris II,671739,ATL,144,CF,21,L,0,0.54,0.83,1.08,1.31,1.52,1.71,1.9,2.09,2.27,2.44,2.61,2.78,2.95,3.11,3.28,3.44,3.61,3.8
Harrison, Josh, Josh Harrison,543281,CWS,145,2B,34,R,0,0.56,0.88,1.14,1.38,1.61,1.82,2.02,2.22,2.41,2.59,2.78,2.96,3.14,3.32,3.49,3.67,3.86,4.05
Hayes, Ke'Bryan, Ke'Bryan Hayes,663647,PIT,134,3B,25,R,0,0.55,0.87,1.14,1.37,1.59,1.8,2,2.19,2.37,2.55,2.73,2.91,3.08,3.26,3.43,3.6,3.78,3.97
Hays, Austin, Austin Hays,669720,BAL,110,LF,26,R,0,0.55,0.87,1.14,1.38,1.6,1.81,2.01,2.2,2.39,2.58,2.76,2.94,3.12,3.3,3.48,3.65,3.83,4.02
Hedges, Austin, Austin Hedges,595978,CLE,114,C,29,R,0,0.58,0.93,1.22,1.48,1.72,1.95,2.18,2.39,2.6,2.81,3.01,3.21,3.41,3.61,3.8,4,4.2,4.4
Heim, Jonah, Jonah Heim,641680,TEX,140,C,27,R,0,0.56,0.89,1.17,1.43,1.66,1.88,2.09,2.3,2.5,2.69,2.88,3.07,3.26,3.44,3.63,3.81,3.99,4.19
Heim, Jonah, Jonah Heim,641680,TEX,140,C,27,L,0,0.55,0.88,1.16,1.41,1.65,1.87,2.08,2.29,2.49,2.68,2.88,3.07,3.25,3.44,3.63,3.82,4.01,4.23
Heineman, Tyler, Tyler Heineman,623168,PIT,134,C,31,L,0,0.54,0.85,1.12,1.36,1.59,1.81,2.01,2.21,2.41,2.6,2.79,2.97,3.16,3.34,3.52,3.7,3.88,4.09
Henderson, Gunnar, Gunnar Henderson,683002,BAL,110,3B,21,L,0,0.54,0.85,1.1,1.34,1.55,1.76,1.95,2.14,2.33,2.5,2.68,2.85,3.02,3.19,3.36,3.52,3.7,3.89
Henry, Payton, Payton Henry,668721,MIA,146,C,25,R,0,0.57,0.91,1.19,1.44,1.67,1.9,2.11,2.32,2.52,2.71,2.91,3.1,3.29,3.47,3.66,3.85,4.04,4.23
Hensley, David, David Hensley,682073,HOU,117,DH,26,R,0,0.53,0.85,1.11,1.35,1.57,1.78,1.98,2.17,2.36,2.54,2.72,2.9,3.08,3.25,3.42,3.59,3.77,3.94
Heredia, Guillermo, Guillermo Heredia,628338,ATL,144,RF,31,R,0,0.57,0.9,1.17,1.41,1.64,1.85,2.05,2.25,2.44,2.62,2.81,2.99,3.17,3.34,3.52,3.69,3.87,4.05
Hernandez, Yadiel, Yadiel Hernandez,628450,WSH,120,LF,34,L,0,0.53,0.84,1.11,1.35,1.58,1.79,2,2.2,2.4,2.59,2.78,2.97,3.16,3.35,3.54,3.73,3.93,4.14
Hernández, César, César Hernández,514917,WSH,120,2B,32,L,0,0.54,0.84,1.09,1.32,1.54,1.74,1.93,2.12,2.3,2.48,2.65,2.82,2.99,3.16,3.33,3.49,3.67,3.85
Hernández, César, César Hernández,514917,WSH,120,2B,32,R,0,0.57,0.9,1.17,1.41,1.63,1.83,2.03,2.22,2.4,2.58,2.76,2.93,3.1,3.27,3.44,3.61,3.78,3.95
Hernández, Enrique, Enrique Hernández,571771,BOS,111,CF,30,R,0,0.57,0.9,1.18,1.43,1.66,1.88,2.09,2.29,2.49,2.68,2.87,3.06,3.24,3.43,3.61,3.79,3.97,4.17
Hernández, Teoscar, Teoscar Hernández,606192,TOR,141,RF,29,R,0,0.58,0.9,1.16,1.4,1.62,1.83,2.03,2.22,2.4,2.58,2.76,2.94,3.11,3.28,3.45,3.62,3.79,3.96
Herrera, Jose, Jose Herrera,645444,AZ,109,C,25,L,0,0.55,0.87,1.14,1.4,1.63,1.85,2.06,2.27,2.47,2.67,2.87,3.06,3.26,3.45,3.64,3.83,4.03,4.25
Herrera, Odúbel, Odúbel Herrera,546318,PHI,143,CF,30,L,0,0.52,0.82,1.08,1.32,1.54,1.74,1.94,2.14,2.32,2.51,2.69,2.86,3.04,3.22,3.39,3.57,3.75,3.96
Heyward, Jason, Jason Heyward,518792,CHC,112,CF,32,L,0,0.54,0.86,1.12,1.36,1.59,1.8,2,2.19,2.39,2.57,2.76,2.94,3.12,3.3,3.48,3.65,3.84,4.04
Hicks, Aaron, Aaron Hicks,543305,NYY,147,CF,32,R,0,0.56,0.88,1.15,1.39,1.61,1.82,2.02,2.21,2.4,2.59,2.77,2.94,3.12,3.29,3.47,3.64,3.81,3.99
Hicks, Aaron, Aaron Hicks,543305,NYY,147,CF,32,L,0,0.53,0.84,1.1,1.34,1.56,1.77,1.97,2.16,2.34,2.53,2.7,2.88,3.06,3.23,3.4,3.57,3.75,3.94
Higashioka, Kyle, Kyle Higashioka,543309,NYY,147,C,32,R,0,0.57,0.9,1.17,1.42,1.65,1.87,2.09,2.29,2.49,2.69,2.89,3.08,3.27,3.46,3.65,3.84,4.03,4.23
Higgins, P.J., P.J. Higgins,664731,CHC,112,C,29,R,0,0.56,0.9,1.17,1.42,1.66,1.88,2.09,2.29,2.49,2.69,2.88,3.07,3.26,3.44,3.63,3.81,4,4.19
Hill, Derek, Derek Hill,656537,DET,116,CF,26,R,0,0.55,0.86,1.11,1.34,1.55,1.75,1.95,2.13,2.31,2.48,2.65,2.82,2.99,3.15,3.32,3.48,3.65,3.83
Hilliard, Sam, Sam Hilliard,656541,COL,115,LF,28,L,0,0.55,0.85,1.11,1.34,1.55,1.75,1.95,2.13,2.31,2.49,2.67,2.84,3.01,3.18,3.35,3.52,3.69,3.87
Hiura, Keston, Keston Hiura,669374,MIL,158,1B,25,R,0,0.54,0.85,1.12,1.36,1.58,1.79,2,2.2,2.39,2.58,2.76,2.95,3.13,3.31,3.49,3.67,3.85,4.04
Hoerner, Nico, Nico Hoerner,663538,CHC,112,SS,25,R,0,0.55,0.86,1.12,1.36,1.58,1.78,1.98,2.17,2.35,2.53,2.71,2.88,3.05,3.22,3.39,3.56,3.73,3.9
Hoskins, Rhys, Rhys Hoskins,656555,PHI,143,1B,29,R,0,0.58,0.92,1.2,1.46,1.7,1.92,2.14,2.35,2.55,2.75,2.94,3.14,3.33,3.52,3.71,3.9,4.09,4.29
Hosmer, Eric, Eric Hosmer,543333,BOS,111,1B,32,L,0,0.56,0.89,1.18,1.43,1.66,1.89,2.1,2.31,2.51,2.71,2.9,3.09,3.28,3.47,3.66,3.86,4.07,4.3
Huff, Sam, Sam Huff,669087,TEX,140,C,24,R,0,0.56,0.89,1.16,1.4,1.63,1.84,2.05,2.25,2.44,2.63,2.82,3.01,3.19,3.37,3.55,3.73,3.91,4.1
Hummel, Cooper, Cooper Hummel,669450,AZ,109,LF,27,L,0,0.52,0.81,1.06,1.29,1.51,1.71,1.91,2.1,2.28,2.46,2.64,2.82,2.99,3.16,3.34,3.5,3.67,3.86
Hummel, Cooper, Cooper Hummel,669450,AZ,109,LF,27,R,0,0.57,0.88,1.14,1.38,1.6,1.8,2,2.19,2.38,2.56,2.74,2.92,3.09,3.26,3.44,3.61,3.77,3.95
Ibáñez, Andy, Andy Ibáñez,628451,TEX,140,3B,29,R,0,0.56,0.88,1.15,1.39,1.61,1.83,2.03,2.22,2.42,2.6,2.79,2.97,3.15,3.33,3.51,3.69,3.87,4.06
Iglesias, José, José Iglesias,578428,COL,115,SS,32,R,0,0.56,0.88,1.15,1.38,1.61,1.81,2.01,2.2,2.39,2.57,2.75,2.92,3.1,3.27,3.44,3.6,3.77,3.95
India, Jonathan, Jonathan India,663697,CIN,113,2B,25,R,0,0.58,0.92,1.19,1.44,1.67,1.88,2.08,2.28,2.47,2.66,2.84,3.02,3.2,3.37,3.55,3.72,3.9,4.08
Isbel, Kyle, Kyle Isbel,664728,KC,118,RF,25,L,0,0.53,0.82,1.07,1.3,1.51,1.72,1.91,2.1,2.29,2.47,2.64,2.82,2.99,3.17,3.34,3.52,3.7,3.91
Jankowski, Travis, Travis Jankowski,608671,SEA,136,RF,31,L,0,0.52,0.82,1.06,1.29,1.5,1.69,1.88,2.06,2.24,2.42,2.59,2.76,2.93,3.1,3.26,3.43,3.6,3.78
Jansen, Danny, Danny Jansen,643376,TOR,141,C,27,R,0,0.57,0.89,1.17,1.41,1.64,1.86,2.06,2.26,2.46,2.64,2.83,3.01,3.2,3.38,3.56,3.73,3.92,4.11
Jeffers, Ryan, Ryan Jeffers,680777,MIN,142,C,25,R,0,0.56,0.89,1.16,1.41,1.64,1.86,2.07,2.27,2.47,2.66,2.85,3.04,3.23,3.41,3.6,3.78,3.96,4.15
Jiménez, Eloy, Eloy Jiménez,650391,CWS,145,DH,25,R,0,0.57,0.91,1.19,1.44,1.67,1.89,2.1,2.3,2.5,2.69,2.88,3.06,3.25,3.43,3.61,3.79,3.98,4.17
Joe, Connor, Connor Joe,656582,COL,115,LF,29,R,0,0.57,0.9,1.17,1.42,1.64,1.86,2.06,2.26,2.45,2.64,2.83,3.01,3.2,3.38,3.56,3.74,3.93,4.12
Jones, Nolan, Nolan Jones,666134,CLE,114,RF,24,L,0,0.53,0.84,1.11,1.35,1.58,1.79,1.99,2.19,2.38,2.56,2.74,2.92,3.1,3.28,3.45,3.63,3.81,4.01
Judge, Aaron, Aaron Judge,592450,NYY,147,CF,30,R,0,0.57,0.9,1.17,1.41,1.63,1.85,2.05,2.25,2.44,2.62,2.81,2.99,3.17,3.35,3.52,3.7,3.88,4.07
Jung, Josh, Josh Jung,673962,TEX,140,3B,24,R,0,0.56,0.9,1.17,1.42,1.65,1.87,2.08,2.29,2.48,2.68,2.87,3.06,3.24,3.42,3.61,3.79,3.97,4.16
Kelenic, Jarred, Jarred Kelenic,672284,SEA,136,CF,22,L,0,0.54,0.84,1.09,1.32,1.54,1.75,1.94,2.13,2.32,2.5,2.68,2.86,3.03,3.2,3.37,3.55,3.73,3.94
Kelly, Carson, Carson Kelly,608348,AZ,109,C,27,R,0,0.58,0.93,1.21,1.47,1.71,1.94,2.15,2.36,2.56,2.76,2.96,3.15,3.34,3.53,3.72,3.91,4.11,4.32
Kemp, Tony, Tony Kemp,643393,OAK,133,2B,30,L,0,0.53,0.83,1.09,1.33,1.55,1.76,1.97,2.16,2.36,2.55,2.74,2.93,3.11,3.3,3.49,3.69,3.9,4.12
Kennedy, Buddy, Buddy Kennedy,671083,AZ,109,2B,23,R,0,0.57,0.87,1.13,1.36,1.58,1.78,1.98,2.17,2.35,2.53,2.7,2.88,3.05,3.21,3.38,3.54,3.71,3.87
Kepler, Max, Max Kepler,596146,MIN,142,RF,29,L,0,0.55,0.84,1.1,1.33,1.54,1.75,1.94,2.13,2.31,2.49,2.67,2.84,3.02,3.19,3.36,3.54,3.72,3.91
Kiermaier, Kevin, Kevin Kiermaier,595281,TB,139,CF,32,L,0,0.54,0.84,1.1,1.33,1.54,1.75,1.94,2.13,2.31,2.49,2.66,2.84,3.01,3.18,3.34,3.51,3.69,3.88
Kim, Ha-Seong, Ha-Seong Kim,673490,SD,135,SS,26,R,0,0.55,0.88,1.15,1.38,1.61,1.82,2.02,2.21,2.4,2.59,2.77,2.95,3.12,3.3,3.47,3.64,3.82,3.99
Kiner-Falefa, Isiah, Isiah Kiner-Falefa,643396,NYY,147,SS,27,R,0,0.55,0.87,1.13,1.37,1.59,1.8,2,2.19,2.38,2.57,2.74,2.92,3.1,3.27,3.44,3.61,3.79,3.97
Kirilloff, Alex, Alex Kirilloff,666135,MIN,142,LF,24,L,0,0.56,0.88,1.15,1.39,1.61,1.82,2.03,2.22,2.41,2.6,2.78,2.96,3.14,3.31,3.49,3.67,3.85,4.03
Kirk, Alejandro, Alejandro Kirk,672386,TOR,141,C,23,R,0,0.58,0.93,1.22,1.48,1.73,1.96,2.18,2.4,2.61,2.81,3.02,3.22,3.42,3.62,3.81,4.02,4.23,4.44
Knizner, Andrew, Andrew Knizner,668800,STL,138,C,27,R,0,0.57,0.9,1.18,1.43,1.67,1.89,2.11,2.31,2.51,2.71,2.91,3.1,3.29,3.47,3.66,3.85,4.04,4.24
Kreidler, Ryan, Ryan Kreidler,668952,DET,116,3B,24,R,0,0.56,0.88,1.15,1.39,1.61,1.82,2.02,2.22,2.41,2.59,2.77,2.95,3.13,3.3,3.48,3.65,3.83,4
Kwan, Steven, Steven Kwan,680757,CLE,114,LF,24,L,0,0.53,0.83,1.08,1.3,1.52,1.72,1.91,2.1,2.28,2.46,2.63,2.81,2.98,3.15,3.32,3.49,3.67,3.86
La Stella, Tommy, Tommy La Stella,600303,SF,137,DH,33,L,0,0.56,0.87,1.15,1.4,1.63,1.85,2.07,2.28,2.48,2.69,2.89,3.08,3.28,3.48,3.68,3.88,4.1,4.34
Lagares, Juan, Juan Lagares,501571,LAA,108,RF,33,R,0,0.58,0.91,1.18,1.42,1.65,1.86,2.07,2.26,2.46,2.64,2.83,3.01,3.19,3.37,3.55,3.73,3.91,4.1
Langeliers, Shea, Shea Langeliers,669127,OAK,133,DH,24,R,0,0.54,0.86,1.13,1.37,1.6,1.81,2.01,2.2,2.39,2.58,2.76,2.94,3.11,3.28,3.46,3.63,3.8,3.97
Larnach, Trevor, Trevor Larnach,663616,MIN,142,LF,25,L,0,0.54,0.85,1.11,1.35,1.57,1.78,1.99,2.18,2.37,2.56,2.74,2.92,3.11,3.29,3.46,3.64,3.82,4.02
Laureano, Ramón, Ramón Laureano,657656,OAK,133,RF,27,R,0,0.54,0.86,1.13,1.37,1.59,1.81,2.01,2.21,2.4,2.58,2.77,2.95,3.13,3.31,3.48,3.66,3.84,4.02
LeMahieu, DJ, DJ LeMahieu,518934,NYY,147,3B,33,R,0,0.56,0.88,1.15,1.4,1.63,1.84,2.05,2.25,2.45,2.64,2.83,3.01,3.2,3.38,3.57,3.75,3.94,4.13
Leblanc, Charles, Charles Leblanc,641779,MIA,146,2B,26,R,0,0.57,0.9,1.17,1.41,1.64,1.85,2.05,2.25,2.44,2.62,2.8,2.98,3.16,3.34,3.51,3.69,3.86,4.04
Lewis, Kyle, Kyle Lewis,641786,SEA,136,DH,26,R,0,0.57,0.9,1.18,1.44,1.67,1.9,2.12,2.33,2.54,2.74,2.95,3.15,3.35,3.55,3.76,3.96,4.18,4.4
Lindor, Francisco, Francisco Lindor,596019,NYM,121,SS,28,R,0,0.56,0.88,1.15,1.39,1.61,1.82,2.03,2.22,2.41,2.59,2.77,2.95,3.13,3.31,3.48,3.66,3.84,4.03
Lindor, Francisco, Francisco Lindor,596019,NYM,121,SS,28,L,0,0.55,0.86,1.12,1.36,1.58,1.79,1.99,2.19,2.38,2.56,2.75,2.93,3.1,3.29,3.46,3.65,3.84,4.04
Locastro, Tim, Tim Locastro,641796,NYY,147,RF,29,R,0,0.55,0.86,1.11,1.34,1.55,1.75,1.94,2.12,2.3,2.48,2.64,2.81,2.98,3.14,3.31,3.47,3.63,3.8
Longoria, Evan, Evan Longoria,446334,SF,137,3B,36,R,0,0.58,0.91,1.19,1.45,1.68,1.9,2.11,2.32,2.52,2.71,2.9,3.09,3.28,3.47,3.65,3.84,4.03,4.23
Lopez, Alejo, Alejo Lopez,664670,CIN,113,2B,26,L,0,0.53,0.83,1.09,1.33,1.55,1.76,1.96,2.16,2.35,2.53,2.71,2.89,3.07,3.25,3.43,3.61,3.8,4
Lopez, Nicky, Nicky Lopez,670032,KC,118,2B,27,L,0,0.54,0.84,1.1,1.34,1.56,1.77,1.97,2.16,2.35,2.53,2.71,2.89,3.06,3.24,3.41,3.58,3.77,3.97
Lowe, Brandon, Brandon Lowe,664040,TB,139,2B,27,L,0,0.54,0.83,1.09,1.32,1.54,1.74,1.94,2.13,2.31,2.49,2.67,2.85,3.03,3.2,3.38,3.56,3.75,3.95
Lowe, Josh, Josh Lowe,666139,TB,139,RF,24,L,0,0.54,0.83,1.09,1.31,1.53,1.73,1.92,2.11,2.28,2.46,2.63,2.8,2.97,3.14,3.31,3.48,3.65,3.82
Lowe, Nathaniel, Nathaniel Lowe,663993,TEX,140,1B,26,L,0,0.54,0.86,1.12,1.36,1.58,1.79,2,2.19,2.38,2.57,2.75,2.93,3.11,3.29,3.47,3.65,3.83,4.01
Lowrie, Jed, Jed Lowrie,476704,OAK,133,DH,38,L,0,0.56,0.88,1.15,1.4,1.63,1.85,2.06,2.27,2.48,2.68,2.88,3.08,3.28,3.49,3.7,3.93,4.17,4.43
Luplow, Jordan, Jordan Luplow,656669,AZ,109,RF,28,R,0,0.57,0.9,1.17,1.42,1.64,1.86,2.06,2.26,2.45,2.64,2.82,3,3.17,3.35,3.52,3.7,3.87,4.06
Lux, Gavin, Gavin Lux,666158,LAD,119,2B,24,L,0,0.54,0.85,1.1,1.33,1.55,1.75,1.94,2.13,2.31,2.49,2.67,2.84,3.01,3.18,3.35,3.52,3.69,3.87
Machado, Manny, Manny Machado,592518,SD,135,3B,29,R,0,0.57,0.91,1.18,1.44,1.67,1.89,2.1,2.3,2.49,2.69,2.87,3.06,3.24,3.42,3.6,3.79,3.97,4.17
Machín, Vimael, Vimael Machín,605353,OAK,133,3B,28,L,0,0.56,0.9,1.18,1.44,1.67,1.9,2.11,2.32,2.53,2.73,2.92,3.12,3.31,3.5,3.69,3.88,4.09,4.32
Madrigal, Nick, Nick Madrigal,663611,CHC,112,2B,25,R,0,0.55,0.87,1.14,1.38,1.6,1.81,2.02,2.21,2.4,2.59,2.77,2.95,3.13,3.3,3.48,3.66,3.84,4.03
Madris, Bligh, Bligh Madris,676632,PIT,134,RF,26,L,0,0.55,0.86,1.13,1.36,1.59,1.8,2,2.19,2.38,2.57,2.75,2.93,3.11,3.29,3.46,3.64,3.81,4.01
Maile, Luke, Luke Maile,571912,CLE,114,C,31,R,0,0.56,0.89,1.17,1.42,1.65,1.87,2.08,2.28,2.48,2.68,2.87,3.06,3.25,3.43,3.62,3.81,4,4.2
Maldonado, Martín, Martín Maldonado,455117,HOU,117,C,35,R,0,0.56,0.92,1.21,1.48,1.73,1.96,2.19,2.4,2.61,2.82,3.03,3.23,3.43,3.63,3.83,4.03,4.23,4.48
Mancini, Trey, Trey Mancini,641820,HOU,117,DH,30,R,0,0.57,0.92,1.21,1.47,1.71,1.93,2.15,2.36,2.57,2.77,2.97,3.16,3.35,3.55,3.74,3.93,4.13,4.33
Marcano, Tucupita, Tucupita Marcano,672779,PIT,134,LF,22,L,0,0.54,0.84,1.1,1.33,1.55,1.75,1.95,2.14,2.32,2.5,2.68,2.86,3.03,3.2,3.37,3.55,3.73,3.93
Margot, Manuel, Manuel Margot,622534,TB,139,RF,27,R,0,0.55,0.87,1.14,1.37,1.59,1.8,1.99,2.18,2.37,2.55,2.72,2.9,3.07,3.24,3.41,3.58,3.76,3.94
Marsh, Brandon, Brandon Marsh,669016,PHI,143,LF,24,L,0,0.54,0.83,1.09,1.32,1.53,1.73,1.93,2.11,2.3,2.47,2.65,2.82,2.99,3.16,3.33,3.49,3.66,3.84
Marte, Ketel, Ketel Marte,606466,AZ,109,2B,28,L,0,0.54,0.84,1.1,1.34,1.56,1.76,1.96,2.16,2.34,2.53,2.71,2.89,3.07,3.25,3.43,3.61,3.8,4.01
Marte, Ketel, Ketel Marte,606466,AZ,109,2B,28,R,0,0.58,0.91,1.18,1.43,1.65,1.87,2.07,2.27,2.46,2.65,2.83,3.02,3.2,3.39,3.58,3.77,3.98,4.21
Marte, Starling, Starling Marte,516782,NYM,121,RF,33,R,0,0.55,0.86,1.13,1.36,1.58,1.79,1.99,2.17,2.36,2.54,2.72,2.89,3.06,3.24,3.41,3.58,3.75,3.93
Martinez, J.D., J.D. Martinez,502110,BOS,111,DH,34,R,0,0.56,0.89,1.17,1.41,1.64,1.86,2.07,2.27,2.47,2.67,2.86,3.04,3.23,3.41,3.6,3.78,3.97,4.15
Massey, Michael, Michael Massey,686681,KC,118,2B,24,L,0,0.53,0.83,1.09,1.33,1.55,1.76,1.96,2.15,2.34,2.53,2.71,2.89,3.07,3.24,3.42,3.6,3.79,3.99
Mateo, Jorge, Jorge Mateo,622761,BAL,110,SS,27,R,0,0.56,0.87,1.12,1.35,1.57,1.77,1.96,2.14,2.32,2.5,2.67,2.83,3,3.16,3.32,3.49,3.65,3.82
Mathias, Mark, Mark Mathias,664029,TEX,140,DH,27,R,0,0.56,0.88,1.15,1.39,1.61,1.82,2.02,2.22,2.41,2.59,2.78,2.96,3.14,3.31,3.49,3.67,3.84,4.03
Matijevic, J.J., J.J. Matijevic,656695,HOU,117,DH,26,L,0,0.54,0.84,1.1,1.34,1.56,1.77,1.97,2.17,2.36,2.55,2.74,2.92,3.1,3.28,3.46,3.65,3.83,4.02
Mayfield, Jack, Jack Mayfield,608686,LAA,108,3B,31,R,0,0.56,0.88,1.15,1.39,1.62,1.83,2.04,2.24,2.44,2.63,2.82,3,3.19,3.37,3.55,3.73,3.92,4.1
Mazara, Nomar, Nomar Mazara,608577,SD,135,RF,27,L,0,0.55,0.87,1.14,1.39,1.62,1.83,2.04,2.24,2.44,2.63,2.82,3.01,3.19,3.38,3.56,3.76,3.96,4.18
Mazeika, Patrick, Patrick Mazeika,664850,NYM,121,C,28,L,0,0.55,0.89,1.18,1.44,1.68,1.91,2.13,2.34,2.55,2.75,2.95,3.15,3.35,3.55,3.75,3.95,4.16,4.39
McCann, James, James McCann,543510,NYM,121,C,32,R,0,0.55,0.9,1.18,1.43,1.67,1.89,2.11,2.31,2.51,2.71,2.9,3.09,3.27,3.46,3.64,3.83,4.02,4.23
McCarthy, Jake, Jake McCarthy,664983,AZ,109,RF,24,L,0,0.54,0.84,1.09,1.32,1.53,1.73,1.92,2.11,2.28,2.46,2.63,2.79,2.96,3.12,3.28,3.45,3.62,3.79
McCormick, Chas, Chas McCormick,676801,HOU,117,CF,27,R,0,0.56,0.87,1.13,1.37,1.59,1.79,1.99,2.18,2.36,2.54,2.72,2.9,3.07,3.24,3.41,3.58,3.75,3.93
McCutchen, Andrew, Andrew McCutchen,457705,MIL,158,DH,35,R,0,0.55,0.86,1.13,1.37,1.59,1.8,2,2.19,2.38,2.56,2.74,2.91,3.09,3.26,3.42,3.59,3.76,3.93
McGuire, Reese, Reese McGuire,624512,BOS,111,C,27,L,0,0.55,0.88,1.16,1.41,1.64,1.86,2.08,2.28,2.48,2.68,2.87,3.06,3.25,3.44,3.63,3.82,4.02,4.23
McKenna, Ryan, Ryan McKenna,663630,BAL,110,CF,25,R,0,0.54,0.86,1.12,1.35,1.56,1.76,1.96,2.15,2.33,2.5,2.68,2.85,3.02,3.19,3.35,3.52,3.68,3.85
McKinney, Billy, Billy McKinney,641856,OAK,133,RF,27,L,0,0.55,0.86,1.12,1.36,1.59,1.8,2.01,2.21,2.4,2.59,2.78,2.97,3.15,3.33,3.51,3.69,3.87,4.06
McKinstry, Zach, Zach McKinstry,656716,CHC,112,2B,27,L,0,0.55,0.86,1.12,1.36,1.57,1.78,1.98,2.17,2.36,2.54,2.72,2.89,3.07,3.24,3.41,3.58,3.76,3.95
McMahon, Ryan, Ryan McMahon,641857,COL,115,3B,27,L,0,0.54,0.84,1.11,1.35,1.58,1.79,2,2.2,2.39,2.59,2.78,2.96,3.15,3.33,3.52,3.72,3.92,4.15
McNeil, Jeff, Jeff McNeil,643446,NYM,121,2B,30,L,0,0.56,0.87,1.14,1.38,1.6,1.81,2,2.2,2.39,2.57,2.75,2.93,3.11,3.28,3.45,3.63,3.81,4.02
Meadows, Austin, Austin Meadows,640457,DET,116,RF,27,L,0,0.54,0.85,1.12,1.36,1.58,1.8,2,2.2,2.39,2.58,2.77,2.95,3.13,3.31,3.49,3.67,3.86,4.06
Mejía, Francisco, Francisco Mejía,642336,TB,139,C,26,R,0,0.54,0.87,1.14,1.38,1.6,1.81,2.01,2.21,2.4,2.58,2.77,2.95,3.12,3.3,3.47,3.65,3.82,4.01
Mejía, Francisco, Francisco Mejía,642336,TB,139,C,26,L,0,0.53,0.83,1.1,1.33,1.55,1.76,1.96,2.15,2.34,2.53,2.71,2.89,3.07,3.25,3.43,3.62,3.82,4.03
Melendez, MJ, MJ Melendez,669004,KC,118,C,23,L,0,0.56,0.88,1.14,1.38,1.61,1.82,2.02,2.22,2.41,2.59,2.78,2.96,3.14,3.32,3.49,3.67,3.85,4.05
Mendick, Danny, Danny Mendick,664901,CWS,145,SS,28,R,0,0.55,0.88,1.15,1.4,1.63,1.85,2.05,2.26,2.45,2.65,2.84,3.03,3.22,3.41,3.6,3.79,3.98,4.18
Meneses, Joey, Joey Meneses,608841,WSH,120,1B,30,R,0,0.56,0.89,1.17,1.42,1.65,1.87,2.08,2.29,2.49,2.68,2.87,3.06,3.25,3.44,3.63,3.82,4.01,4.21
Mercado, Oscar, Oscar Mercado,640458,CLE,114,RF,27,R,0,0.57,0.88,1.14,1.38,1.6,1.81,2.01,2.2,2.39,2.58,2.76,2.93,3.11,3.28,3.45,3.62,3.8,3.98
Merrifield, Whit, Whit Merrifield,593160,TOR,141,2B,33,R,0,0.56,0.89,1.16,1.4,1.62,1.83,2.03,2.23,2.41,2.6,2.78,2.95,3.13,3.3,3.47,3.64,3.81,3.99
Meyers, Jake, Jake Meyers,676694,HOU,117,CF,26,R,0,0.54,0.84,1.1,1.33,1.54,1.74,1.94,2.13,2.31,2.49,2.66,2.84,3.01,3.18,3.35,3.52,3.69,3.87
Miller, Brad, Brad Miller,543543,TEX,140,LF,32,L,0,0.55,0.87,1.14,1.38,1.61,1.82,2.03,2.22,2.42,2.61,2.79,2.97,3.15,3.33,3.52,3.7,3.89,4.09
Miller, Owen, Owen Miller,680911,CLE,114,1B,25,R,0,0.55,0.86,1.13,1.36,1.58,1.79,1.99,2.18,2.36,2.54,2.72,2.89,3.07,3.23,3.4,3.57,3.73,3.91
Miranda, Jose, Jose Miranda,669304,MIN,142,1B,24,R,0,0.57,0.91,1.18,1.44,1.67,1.89,2.1,2.31,2.51,2.7,2.9,3.09,3.27,3.46,3.65,3.84,4.03,4.22
Mitchell, Cal, Cal Mitchell,668751,PIT,134,RF,23,L,0,0.53,0.85,1.12,1.36,1.59,1.81,2.02,2.22,2.42,2.61,2.8,2.99,3.18,3.37,3.56,3.76,3.98,4.21
Mitchell, Garrett, Garrett Mitchell,669003,MIL,158,CF,23,L,0,0.55,0.84,1.08,1.3,1.51,1.7,1.89,2.07,2.25,2.42,2.59,2.76,2.92,3.09,3.25,3.41,3.58,3.75
Molina, Yadier, Yadier Molina,425877,STL,138,C,39,R,0,0.6,0.97,1.28,1.56,1.83,2.07,2.31,2.54,2.77,2.99,3.2,3.42,3.63,3.84,4.05,4.26,4.48,4.7
Moncada, Yoán, Yoán Moncada,660162,CWS,145,3B,27,L,0,0.55,0.86,1.12,1.35,1.57,1.78,1.98,2.17,2.35,2.54,2.72,2.89,3.07,3.24,3.42,3.6,3.78,3.98
Moncada, Yoán, Yoán Moncada,660162,CWS,145,3B,27,R,0,0.57,0.89,1.15,1.39,1.61,1.81,2.01,2.2,2.39,2.57,2.75,2.92,3.1,3.27,3.45,3.62,3.8,3.99
Moniak, Mickey, Mickey Moniak,666160,LAA,108,CF,24,L,0,0.52,0.82,1.07,1.3,1.51,1.71,1.91,2.09,2.28,2.45,2.63,2.8,2.97,3.14,3.31,3.48,3.66,3.85
Montero, Elehuris, Elehuris Montero,660707,COL,115,3B,23,R,0,0.56,0.89,1.17,1.42,1.65,1.87,2.08,2.28,2.48,2.67,2.86,3.05,3.23,3.42,3.6,3.78,3.96,4.15
Moore, Dylan, Dylan Moore,664238,SEA,136,RF,29,R,0,0.56,0.89,1.16,1.4,1.63,1.84,2.04,2.24,2.43,2.61,2.8,2.98,3.15,3.33,3.51,3.68,3.86,4.04
Moran, Colin, Colin Moran,592567,CIN,113,1B,29,L,0,0.55,0.88,1.17,1.43,1.68,1.91,2.14,2.35,2.56,2.77,2.98,3.18,3.38,3.58,3.78,3.99,4.21,4.44
Morel, Christopher, Christopher Morel,666624,CHC,112,CF,23,R,0,0.56,0.87,1.13,1.37,1.59,1.79,1.99,2.18,2.36,2.55,2.72,2.9,3.07,3.24,3.41,3.58,3.75,3.93
Moreno, Gabriel, Gabriel Moreno,672515,TOR,141,C,22,R,0,0.54,0.85,1.12,1.36,1.58,1.79,1.98,2.18,2.36,2.55,2.72,2.9,3.07,3.25,3.42,3.59,3.76,3.94
Mountcastle, Ryan, Ryan Mountcastle,663624,BAL,110,1B,25,R,0,0.56,0.89,1.16,1.4,1.63,1.84,2.04,2.23,2.42,2.61,2.79,2.97,3.15,3.32,3.5,3.67,3.85,4.03
Moustakas, Mike, Mike Moustakas,519058,CIN,113,DH,33,L,0,0.56,0.9,1.18,1.44,1.68,1.91,2.12,2.33,2.54,2.74,2.94,3.14,3.33,3.52,3.72,3.92,4.13,4.37
Mullins, Cedric, Cedric Mullins,656775,BAL,110,CF,27,L,0,0.53,0.83,1.08,1.31,1.52,1.72,1.92,2.1,2.28,2.46,2.63,2.8,2.97,3.14,3.3,3.47,3.65,3.83
Muncy, Max, Max Muncy,571970,LAD,119,3B,31,L,0,0.54,0.84,1.11,1.34,1.56,1.77,1.98,2.17,2.36,2.55,2.73,2.91,3.09,3.27,3.45,3.63,3.82,4.01
Munoz, Yairo, Yairo Munoz,622168,PHI,143,2B,27,R,0,0.55,0.86,1.12,1.35,1.57,1.78,1.98,2.17,2.36,2.54,2.72,2.89,3.07,3.24,3.41,3.58,3.75,3.92
Murphy, Sean, Sean Murphy,669221,OAK,133,C,27,R,0,0.56,0.89,1.16,1.41,1.63,1.85,2.06,2.26,2.45,2.64,2.83,3.02,3.21,3.39,3.57,3.76,3.94,4.14
Myers, Wil, Wil Myers,571976,SD,135,RF,31,R,0,0.56,0.87,1.14,1.38,1.6,1.81,2,2.2,2.38,2.57,2.75,2.92,3.1,3.27,3.44,3.61,3.79,3.97
Naquin, Tyler, Tyler Naquin,571980,NYM,121,RF,31,L,0,0.54,0.85,1.11,1.34,1.56,1.77,1.98,2.17,2.36,2.55,2.73,2.91,3.09,3.26,3.44,3.63,3.81,4.01
Narváez, Omar, Omar Narváez,553882,MIL,158,C,30,L,0,0.55,0.88,1.16,1.41,1.65,1.88,2.1,2.31,2.51,2.72,2.92,3.11,3.31,3.51,3.72,3.93,4.15,4.39
Naylor, Josh, Josh Naylor,647304,CLE,114,1B,25,L,0,0.55,0.87,1.14,1.39,1.62,1.84,2.05,2.25,2.45,2.65,2.84,3.03,3.22,3.4,3.59,3.79,3.99,4.2
Neuse, Sheldon, Sheldon Neuse,641914,OAK,133,3B,27,R,0,0.56,0.89,1.16,1.4,1.63,1.85,2.05,2.25,2.45,2.64,2.83,3.01,3.2,3.38,3.56,3.75,3.93,4.13
Nevin, Tyler, Tyler Nevin,663527,BAL,110,3B,25,R,0,0.57,0.9,1.17,1.42,1.66,1.88,2.09,2.29,2.5,2.7,2.89,3.08,3.28,3.47,3.66,3.85,4.04,4.25
Newman, Kevin, Kevin Newman,621028,PIT,134,2B,28,R,0,0.54,0.86,1.13,1.37,1.59,1.8,2,2.2,2.39,2.57,2.75,2.93,3.11,3.28,3.46,3.63,3.8,3.99
Nido, Tomás, Tomás Nido,621512,NYM,121,C,28,R,0,0.57,0.92,1.21,1.47,1.72,1.95,2.17,2.38,2.59,2.79,2.99,3.19,3.38,3.57,3.77,3.96,4.15,4.36
Nimmo, Brandon, Brandon Nimmo,607043,NYM,121,CF,29,L,0,0.54,0.84,1.09,1.33,1.54,1.74,1.93,2.12,2.3,2.48,2.65,2.82,2.99,3.16,3.33,3.5,3.68,3.86
Nola, Austin, Austin Nola,543592,SD,135,C,32,R,0,0.56,0.9,1.19,1.44,1.68,1.9,2.12,2.32,2.52,2.72,2.91,3.1,3.29,3.48,3.66,3.84,4.03,4.23
Nootbaar, Lars, Lars Nootbaar,663457,STL,138,RF,24,L,0,0.55,0.86,1.12,1.36,1.58,1.79,1.99,2.18,2.37,2.55,2.73,2.91,3.09,3.26,3.44,3.61,3.79,3.97
O'Hearn, Ryan, Ryan O'Hearn,656811,KC,118,DH,28,L,0,0.52,0.83,1.09,1.33,1.55,1.76,1.96,2.15,2.34,2.52,2.7,2.88,3.06,3.23,3.41,3.58,3.76,3.95
O'Neill, Tyler, Tyler O'Neill,641933,STL,138,LF,27,R,0,0.55,0.85,1.11,1.34,1.55,1.75,1.95,2.13,2.32,2.49,2.67,2.84,3.01,3.18,3.34,3.5,3.67,3.84
Odor, Rougned, Rougned Odor,596059,BAL,110,2B,28,L,0,0.54,0.84,1.11,1.34,1.56,1.77,1.97,2.17,2.36,2.54,2.73,2.91,3.09,3.27,3.44,3.62,3.8,3.99
Ohtani, Shohei, Shohei Ohtani,660271,LAA,108,DH,27,L,0,0.55,0.85,1.11,1.34,1.55,1.76,1.95,2.14,2.33,2.5,2.68,2.85,3.03,3.2,3.37,3.54,3.71,3.9
Olivares, Edward, Edward Olivares,658668,KC,118,RF,26,R,0,0.56,0.87,1.14,1.37,1.59,1.8,2,2.19,2.37,2.56,2.73,2.91,3.08,3.25,3.43,3.59,3.77,3.94
Olson, Matt, Matt Olson,621566,ATL,144,1B,28,L,0,0.56,0.89,1.17,1.41,1.65,1.87,2.08,2.29,2.48,2.68,2.87,3.06,3.25,3.44,3.62,3.81,4,4.21
Ortega, Rafael, Rafael Ortega,542364,CHC,112,CF,31,L,0,0.54,0.85,1.11,1.35,1.58,1.79,1.99,2.19,2.38,2.57,2.75,2.94,3.12,3.3,3.48,3.67,3.86,4.08
Owings, Chris, Chris Owings,572008,BAL,110,2B,30,R,0,0.59,0.92,1.19,1.43,1.65,1.87,2.07,2.26,2.45,2.64,2.82,3.01,3.19,3.36,3.54,3.71,3.89,4.07
Ozuna, Marcell, Marcell Ozuna,542303,ATL,144,DH,31,R,0,0.59,0.94,1.23,1.49,1.72,1.95,2.16,2.36,2.56,2.75,2.94,3.12,3.3,3.48,3.66,3.84,4.02,4.21
Pache, Cristian, Cristian Pache,665506,OAK,133,CF,23,R,0,0.56,0.88,1.15,1.38,1.61,1.81,2.01,2.21,2.39,2.58,2.76,2.94,3.11,3.28,3.46,3.63,3.8,3.99
Palacios, Jermaine, Jermaine Palacios,650339,MIN,142,SS,25,R,0,0.55,0.88,1.15,1.39,1.62,1.83,2.03,2.23,2.42,2.6,2.78,2.96,3.14,3.31,3.49,3.66,3.84,4.03
Palacios, Josh, Josh Palacios,641943,WSH,120,RF,26,L,0,0.54,0.83,1.09,1.32,1.53,1.74,1.93,2.12,2.3,2.48,2.66,2.83,3.01,3.18,3.35,3.52,3.69,3.88
Palacios, Richie, Richie Palacios,680700,CLE,114,LF,25,L,0,0.54,0.84,1.1,1.33,1.55,1.76,1.96,2.15,2.34,2.52,2.7,2.88,3.05,3.23,3.41,3.58,3.77,3.97
Papierski, Michael, Michael Papierski,657709,CIN,113,C,26,L,0,0.56,0.9,1.19,1.45,1.7,1.92,2.14,2.36,2.57,2.77,2.97,3.17,3.36,3.56,3.76,3.96,4.18,4.41
Paredes, Isaac, Isaac Paredes,670623,TB,139,3B,23,R,0,0.57,0.9,1.18,1.43,1.67,1.89,2.1,2.31,2.5,2.7,2.89,3.08,3.27,3.46,3.65,3.84,4.03,4.24
Park, Hoy, Hoy Park,660829,PIT,134,2B,26,L,0,0.56,0.86,1.11,1.35,1.57,1.77,1.97,2.16,2.35,2.53,2.71,2.88,3.06,3.23,3.4,3.57,3.75,3.96
Pasquantino, Vinnie, Vinnie Pasquantino,686469,KC,118,1B,24,L,0,0.56,0.9,1.18,1.43,1.66,1.88,2.1,2.3,2.5,2.7,2.89,3.08,3.27,3.46,3.65,3.84,4.03,4.23
Pederson, Joc, Joc Pederson,592626,SF,137,LF,30,L,0,0.55,0.87,1.15,1.39,1.62,1.83,2.04,2.24,2.43,2.62,2.81,2.99,3.17,3.35,3.53,3.72,3.9,4.09
Peralta, David, David Peralta,444482,TB,139,LF,34,L,0,0.53,0.84,1.11,1.35,1.57,1.78,1.99,2.18,2.37,2.56,2.74,2.92,3.1,3.27,3.45,3.63,3.82,4.03
Peraza, Oswald, Oswald Peraza,672724,NYY,147,SS,22,R,0,0.56,0.89,1.15,1.38,1.6,1.8,2,2.19,2.37,2.55,2.72,2.9,3.07,3.24,3.4,3.57,3.74,3.91
Perdomo, Geraldo, Geraldo Perdomo,672695,AZ,109,SS,22,L,0,0.55,0.86,1.12,1.36,1.58,1.79,2,2.19,2.39,2.57,2.76,2.94,3.13,3.31,3.49,3.68,3.88,4.09
Perdomo, Geraldo, Geraldo Perdomo,672695,AZ,109,SS,22,R,0,0.57,0.9,1.17,1.41,1.64,1.85,2.06,2.26,2.45,2.64,2.82,3.01,3.19,3.36,3.54,3.72,3.9,4.09
Perez, Michael, Michael Perez,605421,NYM,121,C,29,L,0,0.53,0.85,1.13,1.39,1.62,1.84,2.06,2.27,2.47,2.67,2.87,3.06,3.26,3.46,3.67,3.89,4.13,4.39
Perez, Salvador, Salvador Perez,521692,KC,118,C,32,R,0,0.58,0.94,1.23,1.49,1.73,1.96,2.18,2.39,2.6,2.8,3,3.2,3.39,3.58,3.77,3.96,4.15,4.35
Peterson, Jace, Jace Peterson,607054,MIL,158,3B,32,L,0,0.55,0.86,1.12,1.36,1.58,1.79,1.99,2.18,2.37,2.55,2.72,2.9,3.07,3.24,3.41,3.59,3.77,3.96
Peña, Jeremy, Jeremy Peña,665161,HOU,117,SS,24,R,0,0.54,0.85,1.11,1.34,1.55,1.75,1.95,2.13,2.31,2.49,2.67,2.84,3.01,3.17,3.34,3.51,3.67,3.84
Pham, Tommy, Tommy Pham,502054,BOS,111,LF,34,R,0,0.56,0.89,1.16,1.4,1.63,1.84,2.04,2.23,2.43,2.61,2.79,2.97,3.15,3.32,3.5,3.67,3.85,4.03
Phillips, Brett, Brett Phillips,621433,BAL,110,CF,28,L,0,0.53,0.82,1.08,1.3,1.51,1.71,1.9,2.09,2.27,2.45,2.62,2.79,2.96,3.13,3.3,3.47,3.64,3.83
Pinder, Chad, Chad Pinder,640461,OAK,133,LF,30,R,0,0.57,0.91,1.19,1.44,1.68,1.9,2.12,2.33,2.53,2.73,2.92,3.11,3.3,3.49,3.68,3.88,4.08,4.29
Pinto, René, René Pinto,650907,TB,139,C,25,R,0,0.56,0.89,1.16,1.4,1.63,1.84,2.05,2.25,2.44,2.63,2.81,3,3.18,3.36,3.53,3.71,3.89,4.07
Piscotty, Stephen, Stephen Piscotty,572039,OAK,133,RF,31,R,0,0.57,0.9,1.18,1.43,1.67,1.89,2.11,2.31,2.52,2.72,2.91,3.1,3.3,3.49,3.68,3.87,4.06,4.27
Plawecki, Kevin, Kevin Plawecki,608700,TEX,140,C,31,R,0,0.55,0.9,1.19,1.45,1.69,1.92,2.14,2.36,2.57,2.77,2.98,3.18,3.38,3.58,3.78,3.98,4.19,4.41
Polanco, Jorge, Jorge Polanco,593871,MIN,142,2B,28,L,0,0.56,0.88,1.14,1.38,1.6,1.8,2,2.19,2.38,2.56,2.73,2.91,3.08,3.25,3.42,3.59,3.77,3.96
Pollock, AJ, AJ Pollock,572041,CWS,145,LF,34,R,0,0.57,0.89,1.16,1.4,1.62,1.83,2.03,2.22,2.41,2.6,2.78,2.96,3.13,3.31,3.48,3.66,3.83,4.02
Pratto, Nick, Nick Pratto,668472,KC,118,1B,23,L,0,0.56,0.86,1.13,1.36,1.58,1.79,1.99,2.19,2.38,2.56,2.75,2.93,3.11,3.29,3.46,3.64,3.83,4.03
Profar, Jurickson, Jurickson Profar,595777,SD,135,LF,29,L,0,0.55,0.87,1.14,1.39,1.61,1.83,2.04,2.24,2.43,2.62,2.81,3,3.18,3.36,3.54,3.73,3.92,4.13
Profar, Jurickson, Jurickson Profar,595777,SD,135,LF,29,R,0,0.56,0.88,1.16,1.41,1.64,1.85,2.06,2.26,2.46,2.65,2.84,3.03,3.21,3.39,3.57,3.75,3.94,4.13
Pujols, Albert, Albert Pujols,405395,STL,138,DH,42,R,0,0.59,0.95,1.25,1.52,1.77,2,2.23,2.46,2.67,2.88,3.1,3.31,3.52,3.73,3.94,4.16,4.39,4.64
Raleigh, Cal, Cal Raleigh,663728,SEA,136,C,25,L,0,0.55,0.87,1.14,1.39,1.62,1.84,2.05,2.25,2.45,2.64,2.83,3.02,3.2,3.39,3.57,3.75,3.94,4.15
Raleigh, Cal, Cal Raleigh,663728,SEA,136,C,25,R,0,0.54,0.87,1.15,1.4,1.63,1.85,2.06,2.26,2.45,2.65,2.84,3.02,3.21,3.39,3.57,3.75,3.94,4.12
Ramírez, Harold, Harold Ramírez,623912,TB,139,DH,27,R,0,0.55,0.87,1.14,1.38,1.6,1.81,2.01,2.21,2.39,2.58,2.76,2.93,3.11,3.28,3.46,3.63,3.8,3.99
Ramírez, José, José Ramírez,608070,CLE,114,3B,29,R,0,0.56,0.89,1.16,1.39,1.61,1.82,2.01,2.2,2.38,2.56,2.74,2.91,3.09,3.25,3.42,3.59,3.75,3.93
Ramírez, José, José Ramírez,608070,CLE,114,3B,29,L,0,0.54,0.84,1.09,1.32,1.53,1.74,1.93,2.12,2.3,2.48,2.65,2.83,3,3.17,3.34,3.51,3.69,3.87
Realmuto, J.T., J.T. Realmuto,592663,PHI,143,C,31,R,0,0.56,0.88,1.15,1.39,1.61,1.82,2.02,2.21,2.4,2.58,2.76,2.93,3.11,3.28,3.45,3.62,3.79,3.96
Refsnyder, Rob, Rob Refsnyder,608701,BOS,111,RF,31,R,0,0.56,0.89,1.16,1.4,1.63,1.84,2.04,2.24,2.44,2.62,2.81,2.99,3.17,3.35,3.53,3.72,3.9,4.1
Rendon, Anthony, Anthony Rendon,543685,LAA,108,3B,32,R,0,0.57,0.91,1.19,1.45,1.68,1.9,2.12,2.32,2.52,2.71,2.91,3.1,3.28,3.47,3.66,3.84,4.03,4.22
Renfroe, Hunter, Hunter Renfroe,592669,MIL,158,RF,30,R,0,0.56,0.9,1.17,1.42,1.65,1.87,2.07,2.27,2.46,2.65,2.84,3.02,3.21,3.38,3.57,3.75,3.93,4.12
Rengifo, Luis, Luis Rengifo,650859,LAA,108,2B,25,L,0,0.52,0.83,1.09,1.32,1.54,1.75,1.95,2.14,2.33,2.51,2.69,2.87,3.05,3.22,3.4,3.57,3.75,3.96
Rengifo, Luis, Luis Rengifo,650859,LAA,108,2B,25,R,0,0.55,0.88,1.14,1.39,1.61,1.82,2.02,2.22,2.4,2.59,2.77,2.95,3.13,3.3,3.48,3.65,3.83,4.02
Reyes, Franmil, Franmil Reyes,614177,CHC,112,DH,26,R,0,0.58,0.94,1.22,1.48,1.72,1.94,2.16,2.37,2.57,2.77,2.96,3.15,3.34,3.52,3.71,3.9,4.09,4.28
Reyes, Victor, Victor Reyes,622682,DET,116,RF,27,R,0,0.6,0.94,1.22,1.47,1.69,1.91,2.11,2.31,2.51,2.69,2.88,3.06,3.24,3.42,3.6,3.78,3.95,4.14
Reyes, Victor, Victor Reyes,622682,DET,116,RF,27,L,0,0.54,0.86,1.12,1.36,1.59,1.8,2,2.2,2.39,2.58,2.76,2.94,3.12,3.29,3.47,3.66,3.84,4.05
Reynolds, Bryan, Bryan Reynolds,668804,PIT,134,CF,27,R,0,0.56,0.87,1.13,1.37,1.59,1.79,1.99,2.18,2.37,2.55,2.73,2.9,3.08,3.25,3.42,3.59,3.76,3.94
Reynolds, Bryan, Bryan Reynolds,668804,PIT,134,CF,27,L,0,0.53,0.84,1.09,1.32,1.54,1.75,1.94,2.13,2.32,2.5,2.68,2.86,3.03,3.2,3.38,3.55,3.73,3.93
Reynolds, Matt, Matt Reynolds,608703,CIN,113,2B,31,R,0,0.55,0.87,1.14,1.39,1.61,1.83,2.03,2.23,2.42,2.61,2.8,2.98,3.16,3.34,3.52,3.69,3.87,4.06
Riley, Austin, Austin Riley,663586,ATL,144,3B,25,R,0,0.56,0.88,1.15,1.4,1.62,1.84,2.04,2.24,2.43,2.62,2.8,2.98,3.16,3.34,3.51,3.69,3.86,4.04
Rivas, Alfonso, Alfonso Rivas,663845,CHC,112,1B,25,L,0,0.55,0.86,1.13,1.38,1.6,1.82,2.03,2.23,2.42,2.62,2.8,2.99,3.18,3.36,3.55,3.74,3.95,4.16
Rivera, Emmanuel, Emmanuel Rivera,656896,AZ,109,3B,26,R,0,0.56,0.9,1.18,1.43,1.66,1.88,2.09,2.29,2.49,2.68,2.87,3.06,3.24,3.42,3.61,3.79,3.98,4.17
Rizzo, Anthony, Anthony Rizzo,519203,NYY,147,1B,32,L,0,0.56,0.89,1.17,1.42,1.65,1.88,2.09,2.3,2.5,2.7,2.89,3.09,3.28,3.47,3.66,3.85,4.05,4.26
Robert Jr., Luis, Luis Robert Jr.,673357,CWS,145,CF,24,R,0,0.55,0.87,1.13,1.36,1.58,1.78,1.97,2.16,2.34,2.52,2.7,2.87,3.05,3.22,3.39,3.57,3.75,3.93
Robinson, Chuckie, Chuckie Robinson,642020,CIN,113,C,27,R,0,0.55,0.88,1.17,1.42,1.65,1.88,2.09,2.3,2.5,2.7,2.89,3.08,3.27,3.46,3.65,3.83,4.02,4.22
Robles, Victor, Victor Robles,645302,WSH,120,CF,25,R,0,0.56,0.87,1.13,1.36,1.58,1.78,1.97,2.16,2.34,2.52,2.69,2.86,3.03,3.19,3.36,3.53,3.69,3.87
Rodgers, Brendan, Brendan Rodgers,663898,COL,115,2B,25,R,0,0.56,0.87,1.13,1.37,1.59,1.81,2.01,2.21,2.4,2.59,2.78,2.96,3.15,3.33,3.51,3.69,3.87,4.07
Rodríguez, Julio, Julio Rodríguez,677594,SEA,136,CF,21,R,0,0.55,0.86,1.12,1.35,1.57,1.77,1.96,2.15,2.33,2.5,2.67,2.84,3.01,3.17,3.34,3.5,3.66,3.83
Rojas, Josh, Josh Rojas,668942,AZ,109,3B,28,L,0,0.55,0.86,1.12,1.36,1.58,1.8,2,2.19,2.39,2.57,2.75,2.94,3.11,3.29,3.47,3.65,3.83,4.02
Rojas, Miguel, Miguel Rojas,500743,MIA,146,SS,33,R,0,0.56,0.89,1.17,1.42,1.65,1.87,2.08,2.28,2.48,2.67,2.86,3.05,3.24,3.42,3.61,3.8,3.99,4.2
Romine, Austin, Austin Romine,519222,CIN,113,C,33,R,0,0.57,0.92,1.2,1.46,1.7,1.93,2.15,2.35,2.56,2.76,2.96,3.15,3.35,3.54,3.73,3.92,4.12,4.33
Rosario, Amed, Amed Rosario,642708,CLE,114,SS,26,R,0,0.56,0.88,1.14,1.37,1.59,1.8,1.99,2.18,2.36,2.54,2.72,2.89,3.06,3.22,3.39,3.56,3.72,3.89
Rosario, Eddie, Eddie Rosario,592696,ATL,144,LF,30,L,0,0.54,0.85,1.11,1.35,1.57,1.77,1.97,2.17,2.35,2.54,2.72,2.9,3.07,3.25,3.42,3.6,3.79,4
Ruf, Darin, Darin Ruf,573131,NYM,121,1B,35,R,0,0.57,0.91,1.2,1.45,1.69,1.92,2.14,2.35,2.55,2.76,2.95,3.15,3.34,3.53,3.72,3.91,4.11,4.31
Ruiz, Esteury, Esteury Ruiz,665923,MIL,158,LF,23,R,0,0.54,0.85,1.11,1.34,1.56,1.76,1.96,2.14,2.32,2.5,2.67,2.84,3,3.17,3.33,3.49,3.65,3.81
Ruiz, Keibert, Keibert Ruiz,660688,WSH,120,C,23,L,0,0.53,0.85,1.12,1.37,1.61,1.83,2.04,2.25,2.45,2.64,2.84,3.03,3.22,3.42,3.61,3.81,4.02,4.24
Ruiz, Keibert, Keibert Ruiz,660688,WSH,120,C,23,R,0,0.57,0.92,1.2,1.46,1.7,1.93,2.14,2.35,2.56,2.76,2.95,3.15,3.34,3.53,3.72,3.92,4.12,4.32
Rutschman, Adley, Adley Rutschman,668939,BAL,110,C,24,L,0,0.55,0.86,1.13,1.37,1.59,1.81,2.01,2.21,2.41,2.6,2.78,2.97,3.15,3.33,3.51,3.7,3.88,4.08
Rutschman, Adley, Adley Rutschman,668939,BAL,110,C,24,R,0,0.58,0.92,1.19,1.44,1.68,1.89,2.1,2.31,2.51,2.7,2.89,3.07,3.26,3.44,3.63,3.81,3.99,4.17
Ríos, Edwin, Edwin Ríos,621458,LAD,119,DH,28,L,0,0.53,0.86,1.13,1.38,1.61,1.83,2.04,2.24,2.44,2.63,2.83,3.02,3.21,3.4,3.59,3.78,3.97,4.18
Sanchez, Gary, Gary Sanchez,596142,MIN,142,C,29,R,0,0.58,0.92,1.21,1.46,1.7,1.92,2.14,2.34,2.55,2.74,2.93,3.13,3.31,3.5,3.69,3.88,4.07,4.26
Santana, Carlos, Carlos Santana,467793,SEA,136,1B,36,L,0,0.55,0.87,1.14,1.38,1.61,1.83,2.04,2.24,2.44,2.63,2.82,3.01,3.19,3.38,3.57,3.76,3.96,4.19
Santana, Carlos, Carlos Santana,467793,SEA,136,1B,36,R,0,0.58,0.92,1.2,1.45,1.68,1.9,2.12,2.32,2.52,2.72,2.91,3.1,3.29,3.48,3.67,3.85,4.05,4.25
Santander, Anthony, Anthony Santander,623993,BAL,110,RF,27,R,0,0.58,0.92,1.19,1.44,1.67,1.89,2.09,2.29,2.48,2.67,2.86,3.04,3.22,3.4,3.58,3.76,3.94,4.13
Santander, Anthony, Anthony Santander,623993,BAL,110,RF,27,L,0,0.55,0.87,1.14,1.39,1.61,1.82,2.03,2.23,2.42,2.62,2.8,2.99,3.17,3.35,3.54,3.73,3.92,4.13
Schoop, Jonathan, Jonathan Schoop,570731,DET,116,2B,30,R,0,0.57,0.9,1.18,1.43,1.66,1.88,2.09,2.29,2.48,2.68,2.86,3.05,3.23,3.41,3.59,3.78,3.96,4.15
Schwarber, Kyle, Kyle Schwarber,656941,PHI,143,LF,29,L,0,0.55,0.87,1.14,1.38,1.61,1.82,2.03,2.23,2.43,2.62,2.81,2.99,3.17,3.36,3.54,3.72,3.91,4.11
Schwindel, Frank, Frank Schwindel,643524,CHC,112,1B,30,R,0,0.57,0.92,1.2,1.46,1.69,1.92,2.13,2.34,2.54,2.74,2.94,3.13,3.32,3.51,3.7,3.89,4.09,4.3
Seager, Corey, Corey Seager,608369,TEX,140,SS,28,L,0,0.55,0.87,1.14,1.38,1.61,1.83,2.03,2.23,2.43,2.62,2.81,3,3.18,3.37,3.55,3.75,3.94,4.16
Segura, Jean, Jean Segura,516416,PHI,143,2B,32,R,0,0.55,0.88,1.15,1.39,1.61,1.82,2.02,2.21,2.4,2.58,2.76,2.94,3.12,3.29,3.47,3.64,3.81,4
Semien, Marcus, Marcus Semien,543760,TEX,140,2B,31,R,0,0.55,0.86,1.12,1.36,1.58,1.78,1.98,2.17,2.35,2.53,2.71,2.88,3.06,3.23,3.4,3.56,3.73,3.91
Senzel, Nick, Nick Senzel,669222,CIN,113,CF,27,R,0,0.55,0.87,1.13,1.37,1.59,1.8,2,2.19,2.38,2.56,2.74,2.92,3.09,3.26,3.44,3.6,3.77,3.95
Serven, Brian, Brian Serven,661531,COL,115,C,27,R,0,0.56,0.89,1.17,1.42,1.66,1.88,2.09,2.29,2.49,2.68,2.87,3.06,3.25,3.43,3.62,3.8,3.99,4.19
Sheets, Gavin, Gavin Sheets,657757,CWS,145,RF,26,L,0,0.55,0.88,1.15,1.4,1.63,1.85,2.06,2.27,2.46,2.66,2.85,3.04,3.22,3.4,3.59,3.77,3.96,4.16
Sierra, Magneuris, Magneuris Sierra,642423,LAA,108,CF,26,L,0,0.52,0.81,1.06,1.29,1.5,1.69,1.89,2.07,2.25,2.42,2.59,2.76,2.93,3.09,3.26,3.42,3.59,3.8
Simmons, Andrelton, Andrelton Simmons,592743,CHC,112,SS,32,R,0,0.57,0.9,1.17,1.42,1.65,1.87,2.08,2.28,2.48,2.67,2.86,3.04,3.23,3.41,3.59,3.77,3.96,4.15
Siri, Jose, Jose Siri,642350,TB,139,CF,26,R,0,0.55,0.87,1.13,1.36,1.58,1.78,1.97,2.16,2.34,2.51,2.68,2.85,3.01,3.17,3.33,3.49,3.65,3.82
Slater, Austin, Austin Slater,596103,SF,137,CF,29,R,0,0.55,0.86,1.12,1.36,1.57,1.78,1.97,2.16,2.34,2.52,2.7,2.87,3.05,3.22,3.39,3.56,3.72,3.9
Smith, Dominic, Dominic Smith,642086,NYM,121,1B,27,L,0,0.55,0.88,1.15,1.4,1.63,1.85,2.06,2.27,2.46,2.66,2.85,3.04,3.23,3.41,3.6,3.78,3.97,4.18
Smith, Josh H., Josh H. Smith,669701,TEX,140,3B,24,L,0,0.52,0.81,1.07,1.3,1.51,1.72,1.91,2.1,2.29,2.47,2.65,2.82,2.99,3.17,3.34,3.52,3.7,3.9
Smith, Kevin, Kevin Smith,675656,OAK,133,3B,25,R,0,0.56,0.89,1.15,1.4,1.62,1.83,2.04,2.23,2.43,2.61,2.8,2.98,3.16,3.33,3.51,3.69,3.87,4.06
Smith, Pavin, Pavin Smith,656976,AZ,109,RF,26,L,0,0.56,0.88,1.15,1.39,1.62,1.84,2.04,2.25,2.44,2.63,2.82,3.01,3.2,3.38,3.57,3.76,3.96,4.18
Smith, Will, Will Smith,669257,LAD,119,C,27,R,0,0.57,0.9,1.16,1.41,1.63,1.84,2.05,2.24,2.43,2.62,2.8,2.98,3.16,3.34,3.52,3.7,3.88,4.06
Solak, Nick, Nick Solak,669256,TEX,140,LF,27,R,0,0.54,0.85,1.11,1.34,1.56,1.76,1.96,2.15,2.33,2.51,2.69,2.87,3.05,3.22,3.39,3.56,3.73,3.91
Solano, Donovan, Donovan Solano,456781,CIN,113,1B,34,R,0,0.58,0.92,1.2,1.45,1.69,1.91,2.13,2.33,2.53,2.73,2.92,3.11,3.3,3.49,3.68,3.86,4.06,4.27
Soler, Jorge, Jorge Soler,624585,MIA,146,LF,30,R,0,0.58,0.91,1.19,1.44,1.67,1.89,2.1,2.3,2.49,2.68,2.87,3.05,3.24,3.42,3.6,3.78,3.96,4.16
Sosa, Edmundo, Edmundo Sosa,624641,PHI,143,SS,26,R,0,0.56,0.87,1.13,1.36,1.57,1.78,1.97,2.16,2.33,2.51,2.68,2.85,3.02,3.19,3.35,3.51,3.67,3.85
Sosa, Lenyn, Lenyn Sosa,672820,CWS,145,SS,22,R,0,0.57,0.9,1.18,1.42,1.65,1.86,2.06,2.26,2.45,2.64,2.82,3,3.18,3.36,3.54,3.71,3.9,4.08
Soto, Juan, Juan Soto,665742,SD,135,RF,23,L,0,0.55,0.87,1.14,1.38,1.61,1.82,2.02,2.22,2.41,2.6,2.79,2.97,3.15,3.33,3.51,3.7,3.88,4.08
Springer, George, George Springer,543807,TOR,141,CF,32,R,0,0.55,0.86,1.12,1.35,1.57,1.78,1.97,2.16,2.35,2.53,2.71,2.88,3.06,3.23,3.4,3.57,3.74,3.92
Stallings, Jacob, Jacob Stallings,607732,MIA,146,C,32,R,0,0.59,0.94,1.24,1.51,1.76,2,2.23,2.46,2.67,2.89,3.1,3.3,3.51,3.71,3.92,4.12,4.34,4.56
Stanton, Giancarlo, Giancarlo Stanton,519317,NYY,147,DH,32,R,0,0.56,0.88,1.15,1.4,1.64,1.86,2.07,2.28,2.49,2.69,2.89,3.09,3.29,3.49,3.69,3.9,4.11,4.35
Stassi, Max, Max Stassi,545358,LAA,108,C,31,R,0,0.56,0.89,1.17,1.43,1.66,1.88,2.1,2.3,2.5,2.7,2.89,3.08,3.27,3.46,3.66,3.85,4.05,4.25
Steer, Spencer, Spencer Steer,668715,CIN,113,3B,24,R,0,0.56,0.89,1.17,1.42,1.64,1.86,2.07,2.27,2.46,2.65,2.84,3.02,3.2,3.37,3.55,3.72,3.9,4.08
Stefanic, Michael, Michael Stefanic,683021,LAA,108,2B,26,R,0,0.55,0.87,1.14,1.39,1.62,1.84,2.05,2.25,2.45,2.65,2.84,3.03,3.21,3.4,3.58,3.77,3.96,4.15
Stephenson, Tyler, Tyler Stephenson,663886,CIN,113,C,25,R,0,0.57,0.91,1.19,1.44,1.67,1.89,2.1,2.31,2.51,2.7,2.89,3.08,3.27,3.45,3.64,3.82,4.02,4.22
Story, Trevor, Trevor Story,596115,BOS,111,2B,29,R,0,0.56,0.87,1.13,1.36,1.58,1.78,1.98,2.17,2.35,2.53,2.71,2.88,3.05,3.22,3.39,3.56,3.73,3.91
Stott, Bryson, Bryson Stott,681082,PHI,143,SS,24,L,0,0.54,0.85,1.11,1.35,1.57,1.77,1.97,2.16,2.34,2.52,2.7,2.87,3.04,3.21,3.37,3.54,3.71,3.91
Stowers, Kyle, Kyle Stowers,669065,BAL,110,LF,24,L,0,0.56,0.87,1.13,1.37,1.59,1.8,2,2.2,2.4,2.59,2.78,2.96,3.15,3.33,3.51,3.7,3.89,4.1
Strange-Gordon, Dee, Dee Strange-Gordon,543829,WSH,120,SS,34,L,0,0.54,0.84,1.1,1.33,1.54,1.75,1.95,2.14,2.32,2.5,2.68,2.86,3.03,3.2,3.38,3.55,3.73,3.92
Straw, Myles, Myles Straw,664702,CLE,114,CF,27,R,0,0.55,0.86,1.12,1.35,1.57,1.77,1.96,2.15,2.33,2.51,2.68,2.85,3.02,3.19,3.36,3.52,3.69,3.86
Stubbs, Garrett, Garrett Stubbs,596117,PHI,143,C,29,L,0,0.53,0.84,1.09,1.33,1.54,1.75,1.95,2.14,2.33,2.51,2.7,2.88,3.05,3.23,3.41,3.59,3.77,3.96
Suwinski, Jack, Jack Suwinski,669261,PIT,134,LF,23,L,0,0.54,0.84,1.09,1.32,1.54,1.74,1.94,2.13,2.31,2.49,2.67,2.85,3.02,3.19,3.36,3.53,3.7,3.88
Suzuki, Kurt, Kurt Suzuki,435559,LAA,108,C,38,R,0,0.58,0.93,1.22,1.48,1.72,1.96,2.18,2.4,2.61,2.81,3.02,3.22,3.42,3.62,3.82,4.02,4.23,4.46
Suzuki, Seiya, Seiya Suzuki,673548,CHC,112,RF,27,R,0,0.56,0.88,1.15,1.38,1.61,1.81,2.01,2.21,2.39,2.57,2.75,2.93,3.1,3.28,3.44,3.61,3.79,3.96
Suárez, Eugenio, Eugenio Suárez,553993,SEA,136,3B,30,R,0,0.56,0.89,1.17,1.42,1.66,1.88,2.09,2.29,2.49,2.69,2.88,3.07,3.26,3.45,3.64,3.84,4.04,4.25
Swanson, Dansby, Dansby Swanson,621020,ATL,144,SS,28,R,0,0.55,0.87,1.13,1.37,1.58,1.79,1.98,2.17,2.36,2.54,2.71,2.89,3.06,3.23,3.4,3.57,3.74,3.92
Sánchez, Jesús, Jesús Sánchez,660821,MIA,146,CF,24,L,0,0.55,0.85,1.11,1.35,1.57,1.77,1.97,2.17,2.36,2.54,2.73,2.91,3.09,3.26,3.44,3.62,3.8,3.99
Tapia, Raimel, Raimel Tapia,606132,TOR,141,LF,28,L,0,0.55,0.85,1.11,1.34,1.56,1.76,1.96,2.14,2.33,2.51,2.68,2.85,3.03,3.2,3.36,3.54,3.72,3.92
Taveras, Leody, Leody Taveras,665750,TEX,140,CF,23,R,0,0.58,0.9,1.16,1.39,1.61,1.81,2,2.18,2.36,2.54,2.71,2.88,3.05,3.21,3.37,3.54,3.7,3.86
Taveras, Leody, Leody Taveras,665750,TEX,140,CF,23,L,0,0.55,0.85,1.11,1.33,1.54,1.74,1.93,2.12,2.3,2.47,2.64,2.81,2.98,3.15,3.31,3.48,3.65,3.85
Taylor, Chris, Chris Taylor,621035,LAD,119,LF,31,R,0,0.57,0.9,1.16,1.4,1.63,1.84,2.04,2.23,2.42,2.61,2.79,2.97,3.14,3.31,3.48,3.65,3.82,4
Taylor, Michael A., Michael A. Taylor,572191,KC,118,CF,31,R,0,0.54,0.85,1.11,1.34,1.55,1.76,1.95,2.14,2.33,2.51,2.68,2.86,3.03,3.2,3.37,3.54,3.7,3.88
Taylor, Tyrone, Tyrone Taylor,621438,MIL,158,CF,28,R,0,0.55,0.87,1.14,1.38,1.6,1.81,2.01,2.2,2.39,2.57,2.75,2.93,3.1,3.28,3.45,3.62,3.78,3.96
Tellez, Rowdy, Rowdy Tellez,642133,MIL,158,1B,27,L,0,0.57,0.92,1.21,1.47,1.72,1.95,2.17,2.39,2.59,2.8,3,3.2,3.4,3.59,3.79,3.98,4.18,4.4
Thaiss, Matt, Matt Thaiss,642136,LAA,108,C,27,L,0,0.54,0.86,1.14,1.39,1.63,1.85,2.06,2.27,2.48,2.68,2.88,3.08,3.28,3.49,3.7,3.92,4.17,4.45
Thomas, Alek, Alek Thomas,677950,AZ,109,CF,22,L,0,0.53,0.83,1.09,1.32,1.53,1.74,1.93,2.12,2.3,2.48,2.66,2.83,3,3.17,3.33,3.5,3.67,3.86
Thomas, Lane, Lane Thomas,657041,WSH,120,CF,26,R,0,0.55,0.87,1.13,1.36,1.58,1.79,1.98,2.17,2.36,2.54,2.71,2.88,3.05,3.22,3.39,3.55,3.72,3.89
Thompson, Bubba, Bubba Thompson,669352,TEX,140,LF,24,R,0,0.53,0.83,1.08,1.31,1.52,1.71,1.9,2.08,2.26,2.43,2.6,2.76,2.92,3.08,3.24,3.4,3.57,3.74
Thompson, Trayce, Trayce Thompson,572204,LAD,119,LF,31,R,0,0.58,0.91,1.18,1.43,1.65,1.87,2.07,2.27,2.46,2.65,2.83,3.01,3.19,3.37,3.54,3.72,3.91,4.1
Torkelson, Spencer, Spencer Torkelson,679529,DET,116,1B,22,R,0,0.56,0.88,1.15,1.39,1.61,1.83,2.03,2.23,2.42,2.61,2.79,2.97,3.15,3.33,3.51,3.68,3.86,4.05
Toro, Abraham, Abraham Toro,647351,SEA,136,2B,25,R,0,0.58,0.9,1.17,1.41,1.63,1.84,2.04,2.24,2.43,2.61,2.79,2.97,3.14,3.32,3.49,3.66,3.84,4.02
Toro, Abraham, Abraham Toro,647351,SEA,136,2B,25,L,0,0.53,0.84,1.1,1.33,1.55,1.76,1.96,2.15,2.34,2.53,2.71,2.89,3.06,3.24,3.41,3.59,3.78,3.98
Torrens, Luis, Luis Torrens,620443,SEA,136,C,26,R,0,0.56,0.9,1.18,1.44,1.67,1.9,2.11,2.32,2.52,2.72,2.92,3.11,3.3,3.49,3.68,3.86,4.06,4.26
Torres, Gleyber, Gleyber Torres,650402,NYY,147,2B,25,R,0,0.56,0.89,1.16,1.41,1.64,1.85,2.06,2.26,2.45,2.64,2.83,3.01,3.19,3.37,3.55,3.73,3.91,4.1
Trammell, Taylor, Taylor Trammell,666211,SEA,136,RF,24,L,0,0.54,0.85,1.11,1.34,1.56,1.76,1.96,2.15,2.34,2.52,2.7,2.88,3.06,3.24,3.42,3.6,3.8,4.01
Trejo, Alan, Alan Trejo,676701,COL,115,SS,26,R,0,0.56,0.89,1.17,1.42,1.66,1.87,2.08,2.28,2.48,2.67,2.86,3.05,3.24,3.42,3.6,3.78,3.97,4.17
Trevino, Jose, Jose Trevino,624431,NYY,147,C,29,R,0,0.55,0.89,1.16,1.41,1.65,1.87,2.08,2.29,2.49,2.69,2.89,3.09,3.29,3.48,3.68,3.88,4.08,4.29
Trout, Mike, Mike Trout,545361,LAA,108,CF,30,R,0,0.55,0.86,1.11,1.34,1.55,1.75,1.94,2.13,2.31,2.48,2.65,2.82,2.99,3.15,3.32,3.48,3.65,3.82
Tsutsugo, Yoshi, Yoshi Tsutsugo,660294,PIT,134,1B,30,L,0,0.58,0.91,1.19,1.44,1.67,1.89,2.1,2.3,2.5,2.7,2.89,3.08,3.26,3.45,3.63,3.82,4.02,4.22
Tucker, Cole, Cole Tucker,657061,PIT,134,RF,25,L,0,0.55,0.85,1.11,1.35,1.57,1.78,1.98,2.17,2.36,2.54,2.72,2.9,3.08,3.25,3.43,3.6,3.78,3.97
Tucker, Kyle, Kyle Tucker,663656,HOU,117,RF,25,L,0,0.54,0.84,1.1,1.34,1.55,1.76,1.96,2.16,2.34,2.53,2.71,2.89,3.07,3.25,3.43,3.61,3.8,4.02
Turner, Justin, Justin Turner,457759,LAD,119,3B,37,R,0,0.57,0.91,1.19,1.45,1.69,1.92,2.14,2.35,2.56,2.77,2.97,3.17,3.36,3.56,3.75,3.94,4.14,4.35
Turner, Trea, Trea Turner,607208,LAD,119,SS,29,R,0,0.56,0.87,1.12,1.35,1.56,1.76,1.95,2.13,2.31,2.48,2.64,2.81,2.97,3.13,3.29,3.45,3.6,3.77
Urshela, Gio, Gio Urshela,570482,MIN,142,3B,30,R,0,0.56,0.89,1.17,1.41,1.64,1.86,2.07,2.27,2.47,2.66,2.85,3.04,3.23,3.41,3.6,3.79,3.99,4.2
Urías, Luis, Luis Urías,649966,MIL,158,3B,25,R,0,0.55,0.88,1.16,1.4,1.63,1.85,2.06,2.26,2.45,2.65,2.84,3.03,3.21,3.4,3.59,3.77,3.96,4.16
Urías, Ramón, Ramón Urías,602104,BAL,110,3B,28,R,0,0.57,0.91,1.18,1.43,1.66,1.88,2.09,2.29,2.48,2.68,2.87,3.05,3.24,3.42,3.61,3.79,3.97,4.17
VanMeter, Josh, Josh VanMeter,642165,PIT,134,2B,27,L,0,0.55,0.86,1.13,1.37,1.6,1.81,2.02,2.22,2.41,2.6,2.79,2.98,3.16,3.34,3.53,3.72,3.92,4.14
Vargas, Ildemaro, Ildemaro Vargas,545121,WSH,120,3B,30,L,0,0.54,0.85,1.11,1.35,1.58,1.79,1.99,2.19,2.38,2.57,2.75,2.93,3.11,3.29,3.47,3.65,3.83,4.03
Vargas, Ildemaro, Ildemaro Vargas,545121,WSH,120,3B,30,R,0,0.54,0.87,1.14,1.38,1.61,1.83,2.03,2.23,2.42,2.61,2.79,2.98,3.16,3.34,3.53,3.71,3.9,4.1
Varsho, Daulton, Daulton Varsho,662139,AZ,109,RF,25,L,0,0.56,0.87,1.13,1.37,1.58,1.79,1.99,2.18,2.36,2.54,2.72,2.89,3.07,3.24,3.41,3.58,3.77,3.97
Vaughn, Andrew, Andrew Vaughn,683734,CWS,145,LF,24,R,0,0.57,0.9,1.18,1.43,1.66,1.88,2.09,2.3,2.5,2.69,2.88,3.07,3.26,3.45,3.63,3.82,4.01,4.2
Vavra, Terrin, Terrin Vavra,679631,BAL,110,2B,25,L,0,0.54,0.85,1.11,1.35,1.57,1.78,1.99,2.18,2.37,2.56,2.74,2.92,3.1,3.28,3.46,3.64,3.83,4.03
Velazquez, Andrew, Andrew Velazquez,623205,LAA,108,SS,27,L,0,0.53,0.82,1.07,1.29,1.5,1.7,1.88,2.07,2.25,2.42,2.59,2.76,2.93,3.09,3.26,3.43,3.6,3.79
Velazquez, Andrew, Andrew Velazquez,623205,LAA,108,SS,27,R,0,0.53,0.84,1.09,1.31,1.53,1.72,1.91,2.09,2.27,2.45,2.62,2.79,2.95,3.12,3.28,3.45,3.61,3.79
Velázquez, Nelson, Nelson Velázquez,676369,CHC,112,CF,23,R,0,0.55,0.87,1.14,1.38,1.6,1.8,2,2.2,2.38,2.57,2.75,2.93,3.1,3.28,3.45,3.62,3.79,3.97
Verdugo, Alex, Alex Verdugo,657077,BOS,111,LF,26,L,0,0.55,0.86,1.12,1.36,1.59,1.8,2,2.2,2.39,2.58,2.76,2.94,3.12,3.3,3.48,3.66,3.84,4.05
Vierling, Matt, Matt Vierling,663837,PHI,143,CF,25,R,0,0.56,0.88,1.14,1.37,1.59,1.79,1.99,2.18,2.36,2.54,2.71,2.88,3.05,3.22,3.38,3.55,3.72,3.89
Villar, David, David Villar,681584,SF,137,3B,25,R,0,0.58,0.92,1.2,1.45,1.69,1.91,2.12,2.32,2.52,2.72,2.91,3.1,3.28,3.47,3.65,3.84,4.02,4.21
Villar, Jonathan, Jonathan Villar,542340,LAA,108,2B,31,L,0,0.54,0.85,1.11,1.34,1.57,1.78,1.98,2.17,2.36,2.55,2.74,2.92,3.1,3.28,3.47,3.66,3.86,4.11
Villar, Jonathan, Jonathan Villar,542340,LAA,108,2B,31,R,0,0.56,0.89,1.16,1.4,1.63,1.85,2.05,2.25,2.45,2.64,2.82,3.01,3.19,3.37,3.55,3.73,3.91,4.1
Vogelbach, Daniel, Daniel Vogelbach,596129,NYM,121,DH,29,L,0,0.56,0.89,1.18,1.44,1.68,1.91,2.13,2.35,2.55,2.76,2.96,3.16,3.36,3.56,3.77,3.98,4.2,4.43
Vogt, Stephen, Stephen Vogt,519390,OAK,133,DH,37,L,0,0.56,0.89,1.16,1.41,1.65,1.87,2.08,2.28,2.48,2.68,2.87,3.06,3.25,3.44,3.63,3.82,4.01,4.23
Voit, Luke, Luke Voit,572228,WSH,120,DH,31,R,0,0.57,0.91,1.2,1.46,1.7,1.93,2.15,2.36,2.57,2.78,2.98,3.18,3.38,3.58,3.78,3.98,4.18,4.39
Vosler, Jason, Jason Vosler,613564,SF,137,3B,28,L,0,0.53,0.84,1.11,1.36,1.59,1.8,2.01,2.21,2.41,2.6,2.79,2.98,3.16,3.35,3.53,3.71,3.91,4.11
Votto, Joey, Joey Votto,458015,CIN,113,1B,38,L,0,0.54,0.86,1.14,1.39,1.62,1.85,2.06,2.27,2.47,2.67,2.87,3.06,3.25,3.45,3.64,3.84,4.05,4.28
Vázquez, Christian, Christian Vázquez,543877,HOU,117,C,31,R,0,0.58,0.92,1.2,1.47,1.7,1.93,2.15,2.36,2.56,2.76,2.96,3.15,3.34,3.54,3.73,3.93,4.12,4.33
Wade Jr., LaMonte, LaMonte Wade Jr.,664774,SF,137,RF,28,L,0,0.55,0.87,1.14,1.39,1.62,1.83,2.04,2.24,2.44,2.63,2.82,3,3.18,3.37,3.55,3.74,3.94,4.15
Wade, Tyler, Tyler Wade,642180,LAA,108,2B,27,L,0,0.54,0.84,1.09,1.32,1.53,1.73,1.92,2.11,2.29,2.47,2.64,2.81,2.98,3.15,3.32,3.49,3.66,3.85
Walker, Christian, Christian Walker,572233,AZ,109,1B,31,R,0,0.56,0.9,1.17,1.42,1.66,1.87,2.09,2.29,2.49,2.68,2.87,3.05,3.24,3.42,3.6,3.78,3.97,4.16
Wallner, Matt, Matt Wallner,670242,MIN,142,RF,24,L,0,0.54,0.85,1.11,1.34,1.56,1.76,1.96,2.15,2.33,2.51,2.69,2.87,3.04,3.21,3.39,3.56,3.74,3.93
Walls, Taylor, Taylor Walls,670764,TB,139,SS,25,R,0,0.55,0.87,1.13,1.36,1.58,1.79,1.98,2.17,2.36,2.54,2.71,2.89,3.06,3.23,3.4,3.57,3.74,3.91
Walls, Taylor, Taylor Walls,670764,TB,139,SS,25,L,0,0.53,0.82,1.06,1.29,1.5,1.7,1.9,2.08,2.27,2.44,2.62,2.79,2.96,3.13,3.3,3.47,3.64,3.83
Walsh, Jared, Jared Walsh,665120,LAA,108,1B,28,L,0,0.54,0.86,1.12,1.37,1.6,1.81,2.02,2.22,2.42,2.61,2.8,2.99,3.17,3.36,3.55,3.74,3.93,4.13
Walton, Donovan, Donovan Walton,622268,SF,137,2B,28,L,0,0.54,0.85,1.11,1.35,1.58,1.79,1.99,2.18,2.37,2.56,2.74,2.92,3.1,3.28,3.46,3.65,3.84,4.04
Ward, Taylor, Taylor Ward,621493,LAA,108,RF,28,R,0,0.55,0.86,1.12,1.36,1.58,1.78,1.98,2.17,2.35,2.54,2.71,2.89,3.06,3.23,3.4,3.57,3.74,3.91
Wendle, Joey, Joey Wendle,621563,MIA,146,3B,32,L,0,0.54,0.84,1.1,1.34,1.56,1.77,1.97,2.16,2.35,2.53,2.72,2.9,3.08,3.26,3.43,3.61,3.8,3.99
White, Eli, Eli White,642201,TEX,140,CF,28,R,0,0.56,0.87,1.12,1.35,1.57,1.76,1.95,2.14,2.32,2.49,2.66,2.83,3,3.16,3.32,3.48,3.64,3.81
Williams, Luke, Luke Williams,663897,MIA,146,LF,25,R,0,0.57,0.89,1.15,1.39,1.6,1.81,2.01,2.19,2.38,2.56,2.73,2.91,3.08,3.25,3.42,3.58,3.75,3.93
Winker, Jesse, Jesse Winker,608385,SEA,136,LF,28,L,0,0.55,0.88,1.15,1.4,1.63,1.85,2.06,2.27,2.47,2.66,2.85,3.05,3.23,3.42,3.61,3.8,3.99,4.2
Wisdom, Patrick, Patrick Wisdom,621550,CHC,112,3B,30,R,0,0.54,0.87,1.14,1.38,1.6,1.81,2.02,2.21,2.4,2.59,2.77,2.95,3.12,3.3,3.47,3.65,3.82,4
Witt Jr., Bobby, Bobby Witt Jr.,677951,KC,118,SS,22,R,0,0.55,0.86,1.11,1.34,1.55,1.75,1.94,2.13,2.3,2.48,2.65,2.81,2.98,3.14,3.31,3.47,3.63,3.8
Wong, Connor, Connor Wong,657136,BOS,111,C,26,R,0,0.56,0.87,1.13,1.36,1.58,1.78,1.98,2.17,2.35,2.53,2.71,2.89,3.06,3.23,3.4,3.57,3.74,3.92
Wong, Kolten, Kolten Wong,543939,MIL,158,2B,31,L,0,0.53,0.83,1.09,1.33,1.55,1.76,1.96,2.15,2.34,2.53,2.72,2.9,3.08,3.27,3.45,3.64,3.83,4.04
Wynns, Austin, Austin Wynns,642851,SF,137,C,31,R,0,0.58,0.93,1.22,1.49,1.73,1.97,2.19,2.41,2.62,2.82,3.03,3.23,3.42,3.62,3.82,4.01,4.22,4.44
Yastrzemski, Mike, Mike Yastrzemski,573262,SF,137,CF,31,L,0,0.54,0.85,1.11,1.35,1.57,1.78,1.98,2.18,2.37,2.56,2.74,2.92,3.1,3.28,3.46,3.64,3.83,4.03
Yelich, Christian, Christian Yelich,592885,MIL,158,LF,30,L,0,0.54,0.84,1.1,1.34,1.55,1.76,1.96,2.15,2.33,2.51,2.69,2.86,3.04,3.21,3.38,3.55,3.73,3.91
Yepez, Juan, Juan Yepez,660766,STL,138,LF,24,R,0,0.57,0.9,1.18,1.43,1.66,1.88,2.09,2.29,2.49,2.68,2.87,3.06,3.25,3.43,3.62,3.8,3.98,4.17
Zavala, Seby, Seby Zavala,664874,CWS,145,C,28,R,0,0.53,0.87,1.15,1.4,1.63,1.84,2.06,2.26,2.46,2.66,2.85,3.04,3.23,3.42,3.61,3.8,3.99,4.18
Zimmer, Bradley, Bradley Zimmer,605548,TOR,141,CF,29,L,0,0.54,0.82,1.08,1.3,1.52,1.72,1.91,2.1,2.28,2.46,2.63,2.8,2.97,3.14,3.3,3.47,3.64,3.82
d'Arnaud, Travis, Travis d'Arnaud,518595,ATL,144,C,33,R,0,0.56,0.9,1.18,1.44,1.67,1.9,2.11,2.31,2.51,2.71,2.9,3.09,3.28,3.47,3.66,3.85,4.04,4.25
